id,date_requested,category,request,status,evidence,notes
1,2026-08-07,physics,Paperboy throw = fixed/rigid trajectory the player times (not auto-aim),DONE,THROW_V fixed speed + 8-sector arm rotation + dotted arc preview,arm auto-rotates toward nearest mailbox on vertical levels
2,2026-08-07,content,Procedurally generate many fun beatable levels,DONE,genMachine(seed) motif/tier arc; bot win rate 94%,
3,2026-08-07,economy,Procedurally generate rewards / skins,DONE,forged skins minted + persisted,
4,2026-08-07,economy,Supabase verifies players posted links on social,DONE,DEPLOYED LIVE: verify-share Edge Function + share_claims table; live tests - unsupported host refused, reachable post without link persisted as rejected 0 credits, browser insert of verified/9999 credits blocked by RLS 42501,
5,2026-08-07,platform,iPhone on-screen controls + Bluetooth Xbox controller,DONE,touchpad + gamepad bindings,
6,2026-08-07,platform,Cloud saves to Supabase,DONE,cloud shelf round-trip verified,
7,2026-08-07,platform,Accounts + share links so others can make/save their own,DONE,machines table + RLS + magic link,
8,2026-08-07,deploy,Front door at play.svgn.io,DONE,Cloudflare Pages + DNS,made public per request
9,2026-08-07,gameplay,Grapple hook: whip grabs peg then loop around it for speed,DONE,stepSwing flywheel; loops counted; release boost,
10,2026-08-07,content,More open loops / launch loops / cannons at all angles,DONE,6 cannons + 9 fractional pipes,
11,2026-08-07,ui,Palette category menus with many pipe variants,DONE,9 category tabs / 83 swatches,
12,2026-08-07,art,Characters must be in 3D,DONE,voxel geometry per character; 9 distinct silhouettes,
13,2026-08-07,art,New character Photon,DONE,PHOTON in CHARS,
14,2026-08-07,art,All characters have lights that illuminate the play space + signal state,DONE,lampNow drives the real 3D point light; pip #ffb02e/300 photon #7df3ff/1008 nyx #b28aff/405; bop gold hit red land green nitro 3.0,beam characters throw light 1.6x further
15,2026-08-07,audio,More songs + mute button,DONE,9 songs + MUTED toggle,
16,2026-08-07,ui,Play next level button,DONE,,
17,2026-08-07,content,Editable/savable default levels (each player own copy),DONE,FORK makes a personal copy; pack level verified unchanged after edits; fork round-trips exactly,
18,2026-08-07,ui,Level folders / playlists,DONE,LIBRARY panel with folders move rename delete + play-all playlist walker,
19,2026-08-07,content,Fix bad level design (buried blocks / springs into ceilings),DONE,48-seed audit: buried blocks 0 springs-into-ceilings 0; levels with no mailbox 24 -> 0 (min 4 per level),genMachine had 3 early returns so the guarantee had to move outside it
20,2026-08-07,perf,Optimize performance regression; NO adaptive quality,DONE,layout thrashing fixed; idle 9.63ms -> 2.76ms,
21,2026-08-07,editor,Illustrator-style smooth bezier curve tool,DONE,pen with anchors+handles; curves stay editable,
22,2026-08-07,editor,Rotate / flip / transform / scale curve assets,DONE,ROT +-15 BIGGER SMALLER FLIP H/V; verified geometrically,
23,2026-08-07,editor,Scroll horizontally/vertically/diagonally in edit mode,DONE,middle-drag space-drag wheel arrows PLUS real scroll bars,
24,2026-08-07,editor,Increase level size / extend a level,DONE,WIDER +20 and TALLER +4; height grows upward,
25,2026-08-07,editor,Curve asset library (save/stamp reusable curves),DONE,SAVE CURVE / STAMP / scale+rotation; normalised anchors,
26,2026-08-07,physics,Curves should accelerate the player,DONE,CURVE_PULL 1.75; speed 1.41 -> 18.02 on a descent,
27,2026-08-07,physics,Snappier physics,DONE,ACCEL 0.92 FRICTION 0.86,
28,2026-08-07,physics,Wheel must stay on correct side of curve through loops,DONE,continuous normal; side flips per lap 2 -> 0,
29,2026-08-07,renderer,Use Three.js as the actual renderer (not a side demo),DONE,index.html is the merged 3D build,
30,2026-08-07,renderer,Real WebGPU (no lazy substitution),DONE,WebGPURenderer + WebGPUBackend confirmed; node materials,
31,2026-08-07,art,Convert every 2D asset to 3D (voxels for ~90%),DONE,74 tile types + entities + chars + tracks + particles,
32,2026-08-07,gameplay,Run button like Super Mario,DONE,Shift / J / on-screen RUN; walk 0.164 run 0.208 tiles-per-frame,
33,2026-08-07,art,Voxel animations (replacing sprite animation),DONE,6 walk frames + air + land per character; 7 geometries in play,
34,2026-08-07,editor,SCROLL BARS in edit mode,DONE,H+V bars with proportional thumbs; thumb 0->629 across level; page-click scrolls; hidden in play,thumb size shows how much of the level is in view
35,2026-08-07,process,Keep a CSV workbook of all feature requests,DONE,this file,
36,2026-08-07,ai,Enemies must not walk off cliffs toward the player,DONE,ledge probe: without it walker reaches x536 and falls; with it turns at x488,committed falls are left alone
37,2026-08-07,art,Assets must be the right scale,DONE,1 voxel = 1 art pixel; entities auto-fit to hitbox,
38,2026-08-07,bug,Edit mode grid missing / cannot place assets,DONE,3D layer was painting over the editor; 2D owns top in edit,
39,2026-08-07,bug,Invisible 360 loop in the scene,DONE,tracks were 2D-only; now extruded rails; 7784 px painted,
40,2026-08-07,bug,Collected vehicle stays in scene (two vehicles),DONE,renderer read edit grid not playGrid,
41,2026-08-07,bug,Player looks too short when riding a vehicle,DONE,composite vehicle+rider poses baked at the 2D offsets; bike 48x43 hover 40x50 euc 30x45 vs 30x29 on foot,wheel no longer double-drawn
42,2026-08-07,gameplay,Shooting packets into mailboxes does not work,DONE,THROW_V 7.5->11.2 + flat arc; 2 deliveries 20 credits via real FIRE key,packet could not physically reach a box at normal range before
43,2026-08-07,economy,Coins/gears should be postage letters and parcels,DONE,3 tiers 1/3/5 credits; 3 distinct voxel shapes; collection paid 1/3/5 in live play,drop rates 58/28/14 percent
44,2026-08-07,build,Bake voxel geometry to a data file and ship that,DONE,voxel-assets.json 660KB (spans not triangles - was 10.36MB); game boots with __bakedAssets true,
45,2026-08-07,art,Graphics look dark vs the original art,DONE,unlit + baked face shading; brightness ratio 0.99 vs art,
46,2026-08-07,bug,2D versions still exist / flash on load,DONE,26 draw functions deleted; 0 remain; palette icons render from voxel spans; source shrank 379600->347484 bytes,
47,2026-08-07,editor,3D grid coordinate system for edit mode in Three.js,DONE,368-tri grid + tile cursor; screen-to-tile round trip error 0,unlocks retiring the 2D world pass
48,2026-08-07,bug,Curves invisible in edit mode but visible on Play,DONE,tracks[] only exists in play; edit now builds rails from customTracks,
49,2026-08-07,editor,Curve segments editable in edit mode with control handles,DONE,anchor + handle gizmos drawn in 3D; handle drag reshapes rail 90->155,
50,2026-08-07,editor,Flip/rotate/rescale/reposition curves after placement,DONE,rot90 307x90->90x307; scale2 307->607; flipV size kept; move verified,
51,2026-08-08,bug,Character invisible in play mode,DONE,occluded by voxel terrain sharing the same z band; actors now use depth-test-off material at renderOrder 5000; verified by playing to MACHINE COMPLETE in 4.3s,submitted 990 tris the whole time - it was drawn then hidden
52,2026-08-08,bug,Frame loop died every session (drawBG is not defined),DONE,3 stale call sites into deleted 2D draw code; uncaught throw inside rAF kills the loop permanently; all retired draw fns now no-op stubs,
53,2026-08-08,bug,Curves invisible when placed in edit mode,DONE,ribbon rails were backfacing under a FrontSide material; railMat is DoubleSide + depth-test off; gold arc renders where placed,same trap the edit grid hit earlier
54,2026-08-08,editor,PICK selection + transform verified by real clicking,DONE,clicked PICK then the curve: selection 0 with cyan anchors and amber handle gizmos; ROT +15 x4 rotated anchors 500/900 -> 600/800 and the arc followed,
55,2026-08-08,process,Verify by playing and filming rather than by reading counters,DONE,switched to Chrome DevTools MCP; every fix in this batch was found by screenshot after an action,counters read green while the screen was black
56,2026-08-08,physics,Levels not traversable - bot completed only 1 of 6 generated levels,DONE,fresh unseen seeds now 8/8 won 0 deaths 33 deliveries avg 14.8s,three root causes: step-up assist + floorless sky levels + rail softlock
57,2026-08-08,process,Zero deliveries measured across a full sweep,DONE,measurement artifact - the bot never pressed the throw key; mechanic itself verified working earlier,bot now presses KeyC near a mailbox
58,2026-08-08,physics,Knee-high ledges stopped a run dead,DONE,step-up assist in moveX; seed 1321185480 went 8 pct -> 96 pct,only on the ground and only when the raised spot is actually free
59,2026-08-08,content,Sky-motif levels generated with NO floor for 135 columns,DONE,ensureGroundFloor post-pass; seeds 55219 and 64538327 fell out of the world and died on a loop - now won in 13.9s and 15.8s,genMachine early-returns so the guarantee lives outside it like ensureMailRoute
60,2026-08-08,content,Catch floor left a cliff where the void met real terrain,DONE,ramped the deck into neighbouring ground heights; worst step in playable span now <=2 tiles,flat slab stalled every sky run at 91 pct
61,2026-08-08,physics,SOFTLOCK - player trapped forever in a track dip,DONE,jump off a rail now sets trackCD 34 so it clears instead of re-railing; seeds 99001 and 7771234 went 26/28 pct -> won,the 12-frame detach cooldown let the player re-rail before leaving the curve
62,2026-08-08,process,Bot measured the game wrong three separate ways,DONE,win oracle was an inline style beating the .show class; forward probe keyed off vx which a wall zeroes; jump held too long,never trust the instrument before the subject
63,2026-08-08,bug,CHARACTER INVISIBLE - reported by Micah after the level fixes shipped,DONE,two separate root causes found by hiding the whole scene and tinting the actor magenta; character now renders on the EUC and tracks the player,neither was a game-logic bug - both were GPU-side
64,2026-08-08,bug,WebGPU rejected EVERY frame (uniform buffer overflow),DONE,legacy MAXTILES=20000 quad batch asked for 1280000 bytes vs the 65536 limit; invalid bindGroup_object -> invalid CommandBuffer -> canvas froze on the last good image; 505 console errors -> 4,count=0 and visible=false do NOT protect you - the buffer is sized from CAPACITY
65,2026-08-08,bug,Capacity-1 InstancedMesh ignored its per-instance matrix,DONE,character drew at world 0,0 (top-left corner) while getMatrixAt reported the right spot; setSingle now drives the OBJECT transform and leaves instance 0 at identity,proved by hiding all 29 other meshes and tinting the actor
66,2026-08-08,process,Add a boot-time GPU limit audit so this can never be silent again,DONE,gpuLimitAudit() scans every InstancedMesh capacity against the 65536 limit and console.errors; window.__gpuAudit.ok,every counter read green while the screen was frozen
67,2026-08-08,bug,Collected gears and mail did not vanish (reported by Micah),DONE,drawn gear batch now 20 -> 17 matching the grid on the same frame,gridFingerprint strided the grid by 37 so a one-cell pickup was missed ~97% of the time
68,2026-08-08,perf,Rebuild check ran only every 4th frame in play,DONE,now every frame; p50 16.7ms p95 18.1 p99 18.7 unchanged,a pickup must vanish on the frame you touch it
69,2026-08-08,bug,Boot threw drawBG then ATLAS_ON from the deleted 2D render pass,DONE,retired-draw stubs moved to the FIRST script block and the dead 2D world pass now returns early; console errors 1 -> 0,stubbing names one at a time just moved the error along
70,2026-08-08,physics,Curve flung the rider backwards and ping-ponged the run,DONE,rolling back off a curve is damped 0.35x with a 45-frame rail cooldown; seed 314159 8 pct -> won,pre-existing - the live build did it too; earlier wins on such seeds were luck
71,2026-08-08,process,Mute the game during all agent test runs,DONE,localStorage sprocket_muted=1 set before every run; saved to memory,Micah is at the machine and should not have to listen to it
67,2026-08-08,perf,Verify frame budget now that frames actually render,DONE,locked 60fps avg 16.68ms p95 17.6 p99 19.3 worst 24ms and ZERO frames over 33ms across 420 frames of play,every earlier perf number was invalid - measured while WebGPU discarded frames
68,2026-08-08,process,Bot jumped at 1-tile ledges and disabled the step-up assist,DONE,step-up needs onGround; a constantly-airborne bot never gets it. Jump now only for obstacles step-up cannot solve. 4 seeds went 1/4 -> 4/4 with the GAME UNCHANGED,proved by a no-jump run winning seed 246810 outright
69,2026-08-08,process,Boot is clean - no uncaught errors,DONE,0 window errors captured on load; console has 2 benign warnings; the earlier drawBG ReferenceError is gone,
70,2026-08-08,content,Completion rate on a real sample size,DONE,10 fresh unseen seeds all won - 40 deliveries 0 deaths median 10.3s; 14/14 counting the earlier set,replaces the 4-and-8 seed claims that had already been burned once by seed luck
71,2026-08-08,design,DIFFICULTY CONCERN - a bot holding ONE key beats every level with zero deaths,OPEN,14/14 wins 0 deaths across all seeds; levels last 6.8-12.8s,completable is now proven but challenge is NOT - hazards are avoidable without any skill and the delivery verb is optional
72,2026-08-08,bug,Regression check - setSingle rewrite touched every editor single (grid cursor gizmos),DONE,edit mode restores with grid+cursor visible; painting works (tile 0->1 at 136,6); paint path and 3D cursor agree exactly at 4 sample points across the canvas,setSingle places editor objects too so this had to be verified not assumed
73,2026-08-08,design,ROUTE GATE - the goal now stays shut until the round is delivered,DONE,A/B: bot ignoring mailboxes wins 0/6; same bot running the route wins 6/6 in 6.8-12.8s. Gate unit-checked at 0/quota (refused) quota-1 (refused) quota (wins),the game is called Paper Route and you could previously win while ignoring every mailbox
74,2026-08-08,design,Route quota capped so it can never lock a player out,DONE,quota = min(3, total, ceil(total*0.5)) -> lands at 2-3 with >=4 mailboxes on every seed; attainable with margin on all 14 seeds with measured delivery counts,an unreachable quota would recreate the unwinnable-level bug this session removed
75,2026-08-08,ui,Route progress is visible in the HUD and the depot turns you away out loud,DONE,hRoute counter goes amber->green at quota; goal prints N MORE DELIVERIES and plays a reject sfx; ROUTE COMPLETE popText on hitting quota,a gate the player cannot see is a bad gate
76,2026-08-08,process,Drive tick() directly instead of rAF for harness runs,DONE,12 full playthroughs in 18.5s wall clock; immune to the occluded-window rAF throttle that had dropped the tab to 1fps,tick() IS the frame so the simulation is identical - this should be the default harness from now on
77,2026-08-08,content,HALF THE LEVELS GENERATED WITH NO HAZARDS AT ALL,DONE,census found 3 of 6 seeds with zero enemies zero spikes zero lava; ensureOpposition guarantees 4 walkers spread along the route; now 0 of 8 levels empty and player-near-enemy went 0-2.4pct -> 1.7-11.1pct of frames,this - not weak tuning - was why a one-key bot never died
78,2026-08-08,content,Opposition must not recreate unwinnable levels,DONE,8/8 still won after adding enemies; enemies only (never spikes/lava) because terrain can wall off a route while a walker cannot; start and depot approach left clear,same guarantee-as-post-pass shape as ensureMailRoute and ensureGroundFloor
79,2026-08-08,bug,FRAME-KILLER STILL LIVE - world batches exceeded the uniform limit on busy levels,DONE,my own gpuLimitAudit caught it: standard level allocated 1050 instances (67200 bytes) and epic 1747 (111808) vs the 65536 cap; audit.ok was false. Sizing to need was not enough - the ceiling is per-mesh,the first fix removed only the dead 20000 batch; real levels still froze on the last good frame
80,2026-08-08,bug,Chunk per-type instancing at 1000 so no mesh can ever exceed the binding limit,DONE,voxMesh keyed by id or id#chunk; audit ok at BOTH standard and epic; epic now places 1594-1629 tiles across chunks instead of dropping them,biggest cap now 1024 = exactly 65536 bytes which is allowed
81,2026-08-08,content,EPIC level size was unplayable and now works,DONE,epic (256 wide) previously blew the uniform limit and froze the screen; now 5/6 seeds won with median 17.1s vs 10.3s at standard - up to 9 deliveries and 11 enemies per level,CORRECTION: epic is 6/6 - seed 40031 was my bot's jump phase not the level
82,2026-08-08,process,CORRECTION - the epic 1-in-6 stall was the bot again not the generator,DONE,same seed 40031 same build: gap-probe lookAhead 0.0 and 1.0 die 8-9 times at a 2-tile lava pit while 0.5 and 1.5 win it in 18.9s with 0 deaths. Epic re-measured at 6/6 median 17.8s,sixth instrument error this session - the probe phase decided the verdict not the game
83,2026-08-08,content,Both level sizes verified completable end to end,DONE,standard 8/8 median 10.2s and epic 6/6 median 17.8s both with 0 deaths and the route gate enforced,epic roughly doubles level length and carries more content (up to 9 deliveries 11 enemies)
84,2026-08-08,bug,Check the route gate cannot soft-lock a level after a death,DONE,killed the player mid-route with 3 of 4 boxes served: respawn restores playGrid (4 mailboxes back) and resets deliveries to 0 so quota 2 stays reachable; verdict ok,a gate plus consumed mailboxes would have recreated the unwinnable-level class - this was the first thing to check after shipping it
85,2026-08-08,design,Death costs the whole route not just position,DONE,respawn is at a checkpoint (x4181 not the start) but deliveries and score both reset to 0 while the level restores,coherent with score resetting but harsh on a 17s epic run - wants Micah's opinion on whether the route should persist past a death
86,2026-08-08,design,The route now survives a death,DONE,spawnWorld runs on BOTH a fresh level and a respawn so zeroing there wiped the round; routeKeep carries deliveries across a respawn only. Verified 2->2 exact across a death with no input, tries incremented, gate still open,you respawn at a checkpoint but restored boxes could be BEHIND you - you had to walk backwards to re-earn a quota already met
87,2026-08-08,bug,Regression battery after the route-survives-death change,DONE,standard 8/8 median 10.1s, epic 6/6 median 17.6s, non-delivering bot still 0/3 so the gate did not become decorative,fresh levels still start the route at 0
88,2026-08-08,art,FRAMING - camera showed ~34 tiles across and the rider was 3pct of frame height,DONE,PLAY_ZOOM 1.7 -> 20.4 tiles across and the rider is 51px / 4.9pct of frame and legible as a rider on a wheel; mailboxes and pickups now read too,I judged this from an actual screenshot instead of deferring it - world pixels were mapped 1:1 to screen pixels with no zoom at all
89,2026-08-08,bug,Zoom must not touch the editor,DONE,play-only zoom; edit returns to exactly 1:1 (editIs1to1 true) and the paint path still agrees with the 3D cursor at 3 sample points,screenToTile and the offsetX paint path both assume 1:1 so the editor was left alone by construction
90,2026-08-08,bug,matchTo2D silently rewrote a 1:1 frustum on every resize,DONE,it now invalidates _lastZoom so the next frame re-applies the play zoom instead of running unzoomed after a resize or toolbar reflow,would have shown up as the zoom randomly reverting
91,2026-08-08,bug,Regression battery after the framing change,DONE,standard 8/8 median 10.2s unchanged and the route gate still refuses a non-delivering bot 0/3,
92,2026-08-08,bug,"Editor not working - portal placed above a ramp did not appear",NOT A BUG,traced the whole chain: PORTAL selects (id 8) placement writes GOAL to the grid it renders in the editor and survives into play (26 in grid = 26 in playGrid = 26 rendered); palette auto-scrolls the swatch into view. Micah confirmed it was a missing hard refresh,a tab left open keeps running the build it loaded
93,2026-08-08,ui,STALE-BUILD NOTICE so an open tab stops silently running an old build,DONE,every build stamps window.__BUILD; the page re-fetches itself every 45s with cache no-store and shows a click-to-reload banner when the server is newer. Verified end to end - banner appeared on the real interval not a hand-run copy,the most persistent bug in this project per its own service-worker comment and it cost a false editor bug report today
94,2026-08-08,ui,Update banner covered the palette,DONE,anchored bottom:18px it sat on top of the lava/water/gear swatches; moved to top:188px under the toolbar,caught by looking at the screenshot rather than trusting bannerPresent:true
