family,split,giver,expected,other,arm,patch_norm,target_id,alternative_id,target_logit,alternative_logit,contrast,target_probability,top_id,top_text,recipient,target_top1,alternative_top1,invalid_top1,max_logit_difference_from_clean
F00,development,John,Mary,John,clean,0.0,5335,1757,-74.15451049804688,-77.38577270507812,3.23126220703125,0.4516572156664039,5335, Mary,Mary,1,0,0,0.0
F00,development,John,Mary,John,corrupt,0.0,5335,1757,-87.61323547363281,-85.57543182373047,-2.0378036499023438,0.041422868734734136,1757, John,John,0,1,0,13.813400268554688
F00,development,John,Mary,John,donor_r7,17.004701614379883,5335,1757,-83.7374496459961,-83.04015350341797,-0.697296142578125,0.08972206658120108,1757, John,John,0,1,0,10.12322998046875
F00,development,John,Mary,John,donor_r8,32.789764404296875,5335,1757,-77.14523315429688,-78.75702667236328,1.6117935180664062,0.2082614910954239,5335, Mary,Mary,1,0,0,3.7345123291015625
F00,development,John,Mary,John,donor_a9,8.315801620483398,5335,1757,-84.01991271972656,-83.27084350585938,-0.7490692138671875,0.08149311935083325,683, him,INVALID,0,0,1,10.435554504394531
F00,development,John,Mary,John,unrelated_norm,32.789764404296875,5335,1757,-83.72966766357422,-81.78690338134766,-1.9427642822265625,0.049354955448277046,1757, John,John,0,1,0,9.674858093261719
F00,development,John,Mary,John,permuted_norm,32.789764404296875,5335,1757,-84.35602569580078,-82.38291931152344,-1.9731063842773438,0.04053531544275229,1757, John,John,0,1,0,10.36895751953125
F00,development,John,Mary,John,wrong_address,32.789764404296875,5335,1757,-86.61370086669922,-84.73372650146484,-1.879974365234375,0.04683245582238698,1757, John,John,0,1,0,12.879348754882812
F00,development,John,Mary,John,inverse_norm,32.789764404296875,5335,1757,-90.28834533691406,-86.05160522460938,-4.2367401123046875,0.005672197222031861,1757, John,John,0,1,0,16.133834838867188
F00,development,John,Mary,John,cache_restore,0.0,5335,1757,-74.15451049804688,-77.38577270507812,3.23126220703125,0.4516572156664039,5335, Mary,Mary,1,0,0,0.0
F00,development,Mary,John,Mary,clean,0.0,1757,5335,-85.57543182373047,-87.61323547363281,2.0378036499023438,0.3178681782785886,1757, John,John,1,0,0,0.0
F00,development,Mary,John,Mary,corrupt,0.0,1757,5335,-77.38577270507812,-74.15451049804688,-3.23126220703125,0.01784389285434044,5335, Mary,Mary,0,1,0,13.813400268554688
F00,development,Mary,John,Mary,donor_r7,17.004701614379883,1757,5335,-83.28958892822266,-81.58162689208984,-1.7079620361328125,0.06125290685133825,5335, Mary,Mary,0,1,0,6.121612548828125
F00,development,Mary,John,Mary,donor_r8,32.789764404296875,1757,5335,-85.39701080322266,-86.11759948730469,0.7205886840820312,0.18287162874701016,1757, John,John,1,0,0,2.3877639770507812
F00,development,Mary,John,Mary,donor_a9,8.315801620483398,1757,5335,-80.12726593017578,-77.80796813964844,-2.3192977905273438,0.04057648403820025,5335, Mary,Mary,0,1,0,10.169677734375
F00,development,Mary,John,Mary,unrelated_norm,32.789764404296875,1757,5335,-75.61762237548828,-72.82295989990234,-2.7946624755859375,0.02974796187073965,5335, Mary,Mary,0,1,0,17.637779235839844
F00,development,Mary,John,Mary,permuted_norm,32.789764404296875,1757,5335,-79.8751449584961,-76.87907409667969,-2.9960708618164062,0.01982618787436078,5335, Mary,Mary,0,1,0,11.3267822265625
F00,development,Mary,John,Mary,wrong_address,32.789764404296875,1757,5335,-77.99066162109375,-74.8432388305664,-3.1474227905273438,0.01939237910891035,5335, Mary,Mary,0,1,0,13.01409912109375
F00,development,Mary,John,Mary,inverse_norm,32.789764404296875,1757,5335,-68.61198425292969,-62.52372360229492,-6.088260650634766,0.0012856972394068816,5335, Mary,Mary,0,1,0,26.559478759765625
F00,development,Mary,John,Mary,cache_restore,0.0,1757,5335,-85.57543182373047,-87.61323547363281,2.0378036499023438,0.3178681782785886,1757, John,John,1,0,0,0.0
F01,development,Tom,Sarah,Tom,clean,0.0,10490,4186,-76.44239044189453,-79.94652557373047,3.5041351318359375,0.36649128689626137,10490, Sarah,Sarah,1,0,0,0.0
F01,development,Tom,Sarah,Tom,corrupt,0.0,10490,4186,-92.0876693725586,-88.3438720703125,-3.7437973022460938,0.007275049147486803,4186, Tom,Tom,0,1,0,15.645278930664062
F01,development,Tom,Sarah,Tom,donor_r7,16.18939971923828,10490,4186,-88.67015838623047,-86.01427459716797,-2.6558837890625,0.024135544251357482,4186, Tom,Tom,0,1,0,12.716636657714844
F01,development,Tom,Sarah,Tom,donor_r8,33.56693649291992,10490,4186,-81.81163024902344,-83.51266479492188,1.7010345458984375,0.19019671131623833,10490, Sarah,Sarah,1,0,0,6.396636962890625
F01,development,Tom,Sarah,Tom,donor_a9,12.568707466125488,10490,4186,-85.51492309570312,-82.95574188232422,-2.5591812133789062,0.023748435926059176,4186, Tom,Tom,0,1,0,9.081024169921875
F01,development,Tom,Sarah,Tom,unrelated_norm,33.56693649291992,10490,4186,-84.60979461669922,-81.49939727783203,-3.1103973388671875,0.013612077915331868,4186, Tom,Tom,0,1,0,8.167404174804688
F01,development,Tom,Sarah,Tom,permuted_norm,33.56693649291992,10490,4186,-93.8957290649414,-90.35543060302734,-3.5402984619140625,0.00850150627684468,4186, Tom,Tom,0,1,0,17.453338623046875
F01,development,Tom,Sarah,Tom,wrong_address,33.56693649291992,10490,4186,-91.17573547363281,-87.58683013916016,-3.5889053344726562,0.008003886533382824,4186, Tom,Tom,0,1,0,14.733345031738281
F01,development,Tom,Sarah,Tom,inverse_norm,33.56693649291992,10490,4186,-93.43537902832031,-86.00615692138672,-7.429222106933594,0.00023075070103833426,4186, Tom,Tom,0,1,0,16.99298858642578
F01,development,Tom,Sarah,Tom,cache_restore,0.0,10490,4186,-76.44239044189453,-79.94652557373047,3.5041351318359375,0.36649128689626137,10490, Sarah,Sarah,1,0,0,0.0
F01,development,Sarah,Tom,Sarah,clean,0.0,4186,10490,-88.3438720703125,-92.0876693725586,3.7437973022460938,0.3074301389256211,4186, Tom,Tom,1,0,0,0.0
F01,development,Sarah,Tom,Sarah,corrupt,0.0,4186,10490,-79.94652557373047,-76.44239044189453,-3.5041351318359375,0.011021408574583698,10490, Sarah,Sarah,0,1,0,15.645278930664062
F01,development,Sarah,Tom,Sarah,donor_r7,16.18939971923828,4186,10490,-83.77825927734375,-83.00720977783203,-0.7710494995117188,0.05947442947194541,10490, Sarah,Sarah,0,1,0,9.080459594726562
F01,development,Sarah,Tom,Sarah,donor_r8,33.56693649291992,4186,10490,-86.3000717163086,-89.65315246582031,3.3530807495117188,0.1722405010103874,4186, Tom,Tom,1,0,0,4.4107818603515625
F01,development,Sarah,Tom,Sarah,donor_a9,12.568707466125488,4186,10490,-85.08472442626953,-82.47791290283203,-2.6068115234375,0.02245246167473082,10490, Sarah,Sarah,0,1,0,9.609756469726562
F01,development,Sarah,Tom,Sarah,unrelated_norm,33.56693649291992,4186,10490,-74.75279235839844,-71.99930572509766,-2.7534866333007812,0.017217847523432212,10490, Sarah,Sarah,0,1,0,22.52606201171875
F01,development,Sarah,Tom,Sarah,permuted_norm,33.56693649291992,4186,10490,-79.3989486694336,-76.01648712158203,-3.3824615478515625,0.009803192712319114,10490, Sarah,Sarah,0,1,0,16.577285766601562
F01,development,Sarah,Tom,Sarah,wrong_address,33.56693649291992,4186,10490,-80.73292541503906,-77.43144226074219,-3.301483154296875,0.012823818486896815,10490, Sarah,Sarah,0,1,0,14.656227111816406
F01,development,Sarah,Tom,Sarah,inverse_norm,33.56693649291992,4186,10490,-75.63423919677734,-66.94279479980469,-8.691444396972656,0.00011360794833118262,10490, Sarah,Sarah,0,1,0,25.890579223632812
F01,development,Sarah,Tom,Sarah,cache_restore,0.0,4186,10490,-88.3438720703125,-92.0876693725586,3.7437973022460938,0.3074301389256211,4186, Tom,Tom,1,0,0,0.0
F02,development,John,Mary,John,clean,0.0,5335,1757,-71.0475082397461,-75.28588104248047,4.238372802734375,0.608780160486186,5335, Mary,Mary,1,0,0,0.0
F02,development,John,Mary,John,corrupt,0.0,5335,1757,-88.46674346923828,-86.2744140625,-2.1923294067382812,0.05795756112735039,1757, John,John,0,1,0,18.622177124023438
F02,development,John,Mary,John,donor_r7,17.927845001220703,5335,1757,-83.60641479492188,-82.74278259277344,-0.8636322021484375,0.11666041268333842,1757, John,John,0,1,0,13.729530334472656
F02,development,John,Mary,John,donor_r8,35.94140625,5335,1757,-75.14164733886719,-77.26841735839844,2.12677001953125,0.2899686335685904,5335, Mary,Mary,1,0,0,5.088996887207031
F02,development,John,Mary,John,donor_a9,11.758159637451172,5335,1757,-81.73888397216797,-81.62727355957031,-0.11161041259765625,0.18077063344623717,1757, John,John,0,1,0,11.611061096191406
F02,development,John,Mary,John,unrelated_norm,35.94140625,5335,1757,-82.57781982421875,-80.51901245117188,-2.058807373046875,0.06979512969950662,1757, John,John,0,1,0,12.092460632324219
F02,development,John,Mary,John,permuted_norm,35.94140625,5335,1757,-86.63863372802734,-84.9053726196289,-1.7332611083984375,0.07944561116811576,1757, John,John,0,1,0,16.235389709472656
F02,development,John,Mary,John,wrong_address,35.94140625,5335,1757,-88.11746978759766,-85.93962860107422,-2.1778411865234375,0.058462825202066734,1757, John,John,0,1,0,18.1788330078125
F02,development,John,Mary,John,inverse_norm,35.94140625,5335,1757,-92.08100128173828,-87.60707092285156,-4.473930358886719,0.006803914190340182,1757, John,John,0,1,0,21.033493041992188
F02,development,John,Mary,John,cache_restore,0.0,5335,1757,-71.0475082397461,-75.28588104248047,4.238372802734375,0.608780160486186,5335, Mary,Mary,1,0,0,0.0
F02,development,Mary,John,Mary,clean,0.0,1757,5335,-86.2744140625,-88.46674346923828,2.1923294067382812,0.5190708803055992,1757, John,John,1,0,0,0.0
F02,development,Mary,John,Mary,corrupt,0.0,1757,5335,-75.28588104248047,-71.0475082397461,-4.238372802734375,0.008785339931104955,5335, Mary,Mary,0,1,0,18.622177124023438
F02,development,Mary,John,Mary,donor_r7,17.927845001220703,1757,5335,-82.1041488647461,-79.36225128173828,-2.7418975830078125,0.03457198593559432,5335, Mary,Mary,0,1,0,9.760444641113281
F02,development,Mary,John,Mary,donor_r8,35.94140625,1757,5335,-86.54212951660156,-86.74381256103516,0.20168304443359375,0.21702801787211412,1757, John,John,1,0,0,3.1699447631835938
F02,development,Mary,John,Mary,donor_a9,11.758159637451172,1757,5335,-79.7937240600586,-76.99005126953125,-2.8036727905273438,0.03467844047334319,5335, Mary,Mary,0,1,0,11.77679443359375
F02,development,Mary,John,Mary,unrelated_norm,35.94140625,1757,5335,-72.16580963134766,-68.69369506835938,-3.4721145629882812,0.017396760314637365,5335, Mary,Mary,0,1,0,23.196563720703125
F02,development,Mary,John,Mary,permuted_norm,35.94140625,1757,5335,-77.75617980957031,-74.08911895751953,-3.6670608520507812,0.013107520759195494,5335, Mary,Mary,0,1,0,15.40655517578125
F02,development,Mary,John,Mary,wrong_address,35.94140625,1757,5335,-76.21653747558594,-71.98876953125,-4.2277679443359375,0.009053517113748898,5335, Mary,Mary,0,1,0,17.646408081054688
F02,development,Mary,John,Mary,inverse_norm,35.94140625,1757,5335,-67.03199005126953,-59.986995697021484,-7.044994354248047,0.000625482030365522,5335, Mary,Mary,0,1,0,30.693466186523438
F02,development,Mary,John,Mary,cache_restore,0.0,1757,5335,-86.2744140625,-88.46674346923828,2.1923294067382812,0.5190708803055992,1757, John,John,1,0,0,0.0
F03,development,Tom,Sarah,Tom,clean,0.0,10490,4186,-73.0596923828125,-76.47203063964844,3.4123382568359375,0.4229329115639617,10490, Sarah,Sarah,1,0,0,0.0
F03,development,Tom,Sarah,Tom,corrupt,0.0,10490,4186,-85.64813995361328,-81.02935791015625,-4.618782043457031,0.0054041224616067016,4186, Tom,Tom,0,1,0,12.588447570800781
F03,development,Tom,Sarah,Tom,donor_r7,17.1652774810791,10490,4186,-85.21118927001953,-81.64034271240234,-3.5708465576171875,0.016095299606126844,4186, Tom,Tom,0,1,0,12.382148742675781
F03,development,Tom,Sarah,Tom,donor_r8,36.331180572509766,10490,4186,-77.54920959472656,-78.26200866699219,0.712799072265625,0.18393343831746817,10490, Sarah,Sarah,1,0,0,5.738594055175781
F03,development,Tom,Sarah,Tom,donor_a9,13.510025024414062,10490,4186,-79.0174331665039,-75.39824676513672,-3.6191864013671875,0.014313927100519217,4186, Tom,Tom,0,1,0,5.957740783691406
F03,development,Tom,Sarah,Tom,unrelated_norm,36.331180572509766,10490,4186,-79.95059967041016,-75.69351959228516,-4.257080078125,0.008090648802814873,4186, Tom,Tom,0,1,0,6.890907287597656
F03,development,Tom,Sarah,Tom,permuted_norm,36.331180572509766,10490,4186,-87.4190444946289,-83.20919036865234,-4.2098541259765625,0.007778556435231285,4186, Tom,Tom,0,1,0,14.359352111816406
F03,development,Tom,Sarah,Tom,wrong_address,36.331180572509766,10490,4186,-84.85650634765625,-80.29884338378906,-4.5576629638671875,0.005494912902795802,4186, Tom,Tom,0,1,0,11.79681396484375
F03,development,Tom,Sarah,Tom,inverse_norm,36.331180572509766,10490,4186,-83.90351104736328,-75.37388610839844,-8.529624938964844,0.0001446531180628791,4186, Tom,Tom,0,1,0,10.843818664550781
F03,development,Tom,Sarah,Tom,cache_restore,0.0,10490,4186,-73.0596923828125,-76.47203063964844,3.4123382568359375,0.4229329115639617,10490, Sarah,Sarah,1,0,0,0.0
F03,development,Sarah,Tom,Sarah,clean,0.0,4186,10490,-81.02935791015625,-85.64813995361328,4.618782043457031,0.5478185530722349,4186, Tom,Tom,1,0,0,0.0
F03,development,Sarah,Tom,Sarah,corrupt,0.0,4186,10490,-76.47203063964844,-73.0596923828125,-3.4123382568359375,0.01394157395382336,10490, Sarah,Sarah,0,1,0,12.588447570800781
F03,development,Sarah,Tom,Sarah,donor_r7,17.1652774810791,4186,10490,-76.8482666015625,-76.61202239990234,-0.23624420166015625,0.10901267252158324,683, him,INVALID,0,0,1,9.036117553710938
F03,development,Sarah,Tom,Sarah,donor_r8,36.331180572509766,4186,10490,-79.69905090332031,-83.76591491699219,4.066864013671875,0.33552454136326837,4186, Tom,Tom,1,0,0,3.6860198974609375
F03,development,Sarah,Tom,Sarah,donor_a9,13.510025024414062,4186,10490,-81.04269409179688,-78.20506286621094,-2.8376312255859375,0.02318927574423876,10490, Sarah,Sarah,0,1,0,7.443077087402344
F03,development,Sarah,Tom,Sarah,unrelated_norm,36.331180572509766,4186,10490,-72.40653991699219,-69.22030639648438,-3.1862335205078125,0.016607045045955796,10490, Sarah,Sarah,0,1,0,17.141464233398438
F03,development,Sarah,Tom,Sarah,permuted_norm,36.331180572509766,4186,10490,-76.16941833496094,-73.51671600341797,-2.6527023315429688,0.020519226788914973,10490, Sarah,Sarah,0,1,0,12.289497375488281
F03,development,Sarah,Tom,Sarah,wrong_address,36.331180572509766,4186,10490,-76.30863189697266,-72.87651824951172,-3.4321136474609375,0.014018206725128948,10490, Sarah,Sarah,0,1,0,12.771621704101562
F03,development,Sarah,Tom,Sarah,inverse_norm,36.331180572509766,4186,10490,-74.8863525390625,-65.3950424194336,-9.491310119628906,5.8704871075208044e-05,10490, Sarah,Sarah,0,1,0,20.314483642578125
F03,development,Sarah,Tom,Sarah,cache_restore,0.0,4186,10490,-81.02935791015625,-85.64813995361328,4.618782043457031,0.5478185530722349,4186, Tom,Tom,1,0,0,0.0
F04,heldout,David,Emma,David,clean,0.0,18966,3271,-85.8369140625,-89.1578140258789,3.3208999633789062,0.1825058059871111,18966, Emma,Emma,1,0,0,0.0
F04,heldout,David,Emma,David,corrupt,0.0,18966,3271,-95.59728240966797,-93.76384735107422,-1.83343505859375,0.019184839511231174,607, her,INVALID,0,0,1,10.745269775390625
F04,heldout,David,Emma,David,donor_r7,13.052440643310547,18966,3271,-90.56621551513672,-89.9197006225586,-0.646514892578125,0.024497528486801284,607, her,INVALID,0,0,1,5.217002868652344
F04,heldout,David,Emma,David,donor_r8,24.29584312438965,18966,3271,-86.1529769897461,-87.65646362304688,1.5034866333007812,0.07172273945551776,607, her,INVALID,0,0,1,2.8974533081054688
F04,heldout,David,Emma,David,donor_a9,6.72818660736084,18966,3271,-92.63326263427734,-92.29234313964844,-0.34091949462890625,0.029730828323458934,683, him,INVALID,0,0,1,6.876518249511719
F04,heldout,David,Emma,David,unrelated_norm,24.29584312438965,18966,3271,-92.4261474609375,-90.70130920410156,-1.7248382568359375,0.020174415572989185,3271, David,David,0,1,0,6.91357421875
F04,heldout,David,Emma,David,permuted_norm,24.29584312438965,18966,3271,-94.97654724121094,-93.04157257080078,-1.9349746704101562,0.013363598004183026,607, her,INVALID,0,0,1,9.615280151367188
F04,heldout,David,Emma,David,wrong_address,24.29584312438965,18966,3271,-95.07833099365234,-93.32633209228516,-1.7519989013671875,0.01972219835836624,607, her,INVALID,0,0,1,10.146240234375
F04,heldout,David,Emma,David,inverse_norm,24.29584312438965,18966,3271,-98.98672485351562,-94.41664123535156,-4.5700836181640625,0.003758979717470856,3271, David,David,0,1,0,13.82403564453125
F04,heldout,David,Emma,David,cache_restore,0.0,18966,3271,-85.8369140625,-89.1578140258789,3.3208999633789062,0.1825058059871111,18966, Emma,Emma,1,0,0,0.0
F04,heldout,Emma,David,Emma,clean,0.0,3271,18966,-93.76384735107422,-95.59728240966797,1.83343505859375,0.12000764114129021,607, her,INVALID,0,0,1,0.0
F04,heldout,Emma,David,Emma,corrupt,0.0,3271,18966,-89.1578140258789,-85.8369140625,-3.3208999633789062,0.0065921663193025115,18966, Emma,Emma,0,1,0,10.745269775390625
F04,heldout,Emma,David,Emma,donor_r7,13.052440643310547,3271,18966,-92.54231262207031,-90.36273193359375,-2.1795806884765625,0.015257562341002867,683, him,INVALID,0,0,1,5.93719482421875
F04,heldout,Emma,David,Emma,donor_r8,24.29584312438965,3271,18966,-94.21033477783203,-94.91556549072266,0.705230712890625,0.055548054937328936,683, him,INVALID,0,0,1,2.5957794189453125
F04,heldout,Emma,David,Emma,donor_a9,6.72818660736084,3271,18966,-90.48020935058594,-88.60820007324219,-1.87200927734375,0.016493313203752323,607, her,INVALID,0,0,1,7.20281982421875
F04,heldout,Emma,David,Emma,unrelated_norm,24.29584312438965,3271,18966,-85.23628234863281,-83.2061996459961,-2.0300827026367188,0.014743473116482853,465, his,INVALID,0,0,1,13.991958618164062
F04,heldout,Emma,David,Emma,permuted_norm,24.29584312438965,3271,18966,-89.0599594116211,-85.446533203125,-3.6134262084960938,0.006182078085432328,18966, Emma,Emma,0,1,0,10.982337951660156
F04,heldout,Emma,David,Emma,wrong_address,24.29584312438965,3271,18966,-89.32722473144531,-86.11446380615234,-3.2127609252929688,0.007179984780934182,18966, Emma,Emma,0,1,0,10.423538208007812
F04,heldout,Emma,David,Emma,inverse_norm,24.29584312438965,3271,18966,-81.83350372314453,-76.60881805419922,-5.2246856689453125,0.0018368755777472053,18966, Emma,Emma,0,1,0,20.34954833984375
F04,heldout,Emma,David,Emma,cache_restore,0.0,3271,18966,-93.76384735107422,-95.59728240966797,1.83343505859375,0.12000764114129021,607, her,INVALID,0,0,1,0.0
F05,heldout,Robert,Linda,Robert,clean,0.0,21776,5199,-81.89615631103516,-85.05042266845703,3.154266357421875,0.2822853851270734,21776, Linda,Linda,1,0,0,0.0
F05,heldout,Robert,Linda,Robert,corrupt,0.0,21776,5199,-95.1357421875,-92.18733215332031,-2.9484100341796875,0.014094906869912526,5199, Robert,Robert,0,1,0,13.469490051269531
F05,heldout,Robert,Linda,Robert,donor_r7,13.2470121383667,21776,5199,-93.18029022216797,-91.15360260009766,-2.0266876220703125,0.02345272575001324,5199, Robert,Robert,0,1,0,11.626754760742188
F05,heldout,Robert,Linda,Robert,donor_r8,27.914945602416992,21776,5199,-84.11567687988281,-85.72159576416016,1.6059188842773438,0.13504312186734543,607, her,INVALID,0,0,1,3.2905044555664062
F05,heldout,Robert,Linda,Robert,donor_a9,10.673604011535645,21776,5199,-86.87828063964844,-85.79827880859375,-1.0800018310546875,0.03599522516045825,607, her,INVALID,0,0,1,4.982124328613281
F05,heldout,Robert,Linda,Robert,unrelated_norm,27.914947509765625,21776,5199,-90.27285766601562,-87.26642608642578,-3.0064315795898438,0.01221346572595079,5199, Robert,Robert,0,1,0,8.376701354980469
F05,heldout,Robert,Linda,Robert,permuted_norm,27.914945602416992,21776,5199,-97.65181732177734,-94.866943359375,-2.7848739624023438,0.01336131259113017,5199, Robert,Robert,0,1,0,16.11998748779297
F05,heldout,Robert,Linda,Robert,wrong_address,27.914945602416992,21776,5199,-95.23377227783203,-92.4203872680664,-2.813385009765625,0.01538256691238678,5199, Robert,Robert,0,1,0,13.721061706542969
F05,heldout,Robert,Linda,Robert,inverse_norm,27.914945602416992,21776,5199,-97.75785064697266,-92.47992706298828,-5.277923583984375,0.0017362990165913598,5199, Robert,Robert,0,1,0,15.8616943359375
F05,heldout,Robert,Linda,Robert,cache_restore,0.0,21776,5199,-81.89615631103516,-85.05042266845703,3.154266357421875,0.2822853851270734,21776, Linda,Linda,1,0,0,0.0
F05,heldout,Linda,Robert,Linda,clean,0.0,5199,21776,-92.18733215332031,-95.1357421875,2.9484100341796875,0.268868806219056,5199, Robert,Robert,1,0,0,0.0
F05,heldout,Linda,Robert,Linda,corrupt,0.0,5199,21776,-85.05042266845703,-81.89615631103516,-3.154266357421875,0.012045030952260479,21776, Linda,Linda,0,1,0,13.469490051269531
F05,heldout,Linda,Robert,Linda,donor_r7,13.2470121383667,5199,21776,-87.81050872802734,-85.92376708984375,-1.8867416381835938,0.03167172553836093,21776, Linda,Linda,0,1,0,9.364967346191406
F05,heldout,Linda,Robert,Linda,donor_r8,27.914945602416992,5199,21776,-93.30587768554688,-94.67608642578125,1.370208740234375,0.11270409328161184,5199, Robert,Robert,1,0,0,1.9512252807617188
F05,heldout,Linda,Robert,Linda,donor_a9,10.673604011535645,5199,21776,-92.25529479980469,-89.7584457397461,-2.4968490600585938,0.02629188108816023,21776, Linda,Linda,0,1,0,5.377296447753906
F05,heldout,Linda,Robert,Linda,unrelated_norm,27.914947509765625,5199,21776,-80.40180969238281,-78.71905517578125,-1.6827545166015625,0.033884737157675884,21776, Linda,Linda,0,1,0,18.750877380371094
F05,heldout,Linda,Robert,Linda,permuted_norm,27.914945602416992,5199,21776,-84.9467544555664,-81.69552612304688,-3.2512283325195312,0.010653235208500771,21776, Linda,Linda,0,1,0,14.231613159179688
F05,heldout,Linda,Robert,Linda,wrong_address,27.914945602416992,5199,21776,-85.0762939453125,-81.97181701660156,-3.1044769287109375,0.012628311565415756,21776, Linda,Linda,0,1,0,13.349479675292969
F05,heldout,Linda,Robert,Linda,inverse_norm,27.914945602416992,5199,21776,-79.59303283691406,-72.59977722167969,-6.993255615234375,0.0006330429614291206,21776, Linda,Linda,0,1,0,22.535964965820312
F05,heldout,Linda,Robert,Linda,cache_restore,0.0,5199,21776,-92.18733215332031,-95.1357421875,2.9484100341796875,0.268868806219056,5199, Robert,Robert,1,0,0,0.0
F06,heldout,David,Emma,David,clean,0.0,18966,3271,-108.69497680664062,-111.46720886230469,2.7722320556640625,0.05877829262644583,262, the,INVALID,0,0,1,0.0
F06,heldout,David,Emma,David,corrupt,0.0,18966,3271,-108.73524475097656,-109.8299560546875,1.0947113037109375,0.033205543443170824,262, the,INVALID,0,0,1,2.0893630981445312
F06,heldout,David,Emma,David,donor_r7,7.3364715576171875,18966,3271,-107.20966339111328,-108.71147155761719,1.5018081665039062,0.03385881461370744,262, the,INVALID,0,0,1,3.59991455078125
F06,heldout,David,Emma,David,donor_r8,10.880229949951172,18966,3271,-109.64519500732422,-111.80117797851562,2.1559829711914062,0.04069273145304144,262, the,INVALID,0,0,1,2.3391342163085938
F06,heldout,David,Emma,David,donor_a9,1.7269582748413086,18966,3271,-109.5485610961914,-111.28105163574219,1.7324905395507812,0.040478689059663404,262, the,INVALID,0,0,1,1.8025741577148438
F06,heldout,David,Emma,David,unrelated_norm,10.880228996276855,18966,3271,-107.72648620605469,-108.36126708984375,0.6347808837890625,0.0334205900712343,262, the,INVALID,0,0,1,3.3014907836914062
F06,heldout,David,Emma,David,permuted_norm,10.880229949951172,18966,3271,-110.4903793334961,-111.52377319335938,1.0333938598632812,0.03172651766128524,262, the,INVALID,0,0,1,3.23773193359375
F06,heldout,David,Emma,David,wrong_address,10.880229949951172,18966,3271,-108.40079498291016,-109.45097351074219,1.0501785278320312,0.030919398704345808,262, the,INVALID,0,0,1,2.4326019287109375
F06,heldout,David,Emma,David,inverse_norm,10.880229949951172,18966,3271,-109.06555938720703,-109.0153579711914,-0.050201416015625,0.02525092017014013,262, the,INVALID,0,0,1,2.4518508911132812
F06,heldout,David,Emma,David,cache_restore,0.0,18966,3271,-108.69497680664062,-111.46720886230469,2.7722320556640625,0.05877829262644583,262, the,INVALID,0,0,1,0.0
F06,heldout,Emma,David,Emma,clean,0.0,3271,18966,-109.8299560546875,-108.73524475097656,-1.0947113037109375,0.011111776917740316,262, the,INVALID,0,0,1,0.0
F06,heldout,Emma,David,Emma,corrupt,0.0,3271,18966,-111.46720886230469,-108.69497680664062,-2.7722320556640625,0.003674953788617004,262, the,INVALID,0,0,1,2.0893630981445312
F06,heldout,Emma,David,Emma,donor_r7,7.3364715576171875,3271,18966,-111.75335693359375,-109.62736511230469,-2.1259918212890625,0.0052494957847051375,262, the,INVALID,0,0,1,2.5096664428710938
F06,heldout,Emma,David,Emma,donor_r8,10.880229949951172,3271,18966,-110.42439270019531,-108.85292053222656,-1.57147216796875,0.007816339548533726,262, the,INVALID,0,0,1,1.5933151245117188
F06,heldout,Emma,David,Emma,donor_a9,1.7269582748413086,3271,18966,-111.48411560058594,-109.51701354980469,-1.96710205078125,0.0052610908273156886,262, the,INVALID,0,0,1,2.0876007080078125
F06,heldout,Emma,David,Emma,unrelated_norm,10.880229949951172,3271,18966,-109.24188995361328,-106.34465789794922,-2.8972320556640625,0.0051274437701041686,262, the,INVALID,0,0,1,3.7257919311523438
F06,heldout,Emma,David,Emma,permuted_norm,10.880229949951172,3271,18966,-110.94135284423828,-108.08201599121094,-2.8593368530273438,0.003719076426179948,262, the,INVALID,0,0,1,2.16119384765625
F06,heldout,Emma,David,Emma,wrong_address,10.880229949951172,3271,18966,-112.89580535888672,-110.16091918945312,-2.7348861694335938,0.00387536652693526,262, the,INVALID,0,0,1,3.5076446533203125
F06,heldout,Emma,David,Emma,inverse_norm,10.880229949951172,3271,18966,-111.61096954345703,-107.7114028930664,-3.899566650390625,0.001501621328311169,262, the,INVALID,0,0,1,2.6529006958007812
F06,heldout,Emma,David,Emma,cache_restore,0.0,3271,18966,-109.8299560546875,-108.73524475097656,-1.0947113037109375,0.011111776917740316,262, the,INVALID,0,0,1,0.0
F07,heldout,Robert,Linda,Robert,clean,0.0,21776,5199,-114.64651489257812,-115.5298080444336,0.8832931518554688,0.019374794840301298,262, the,INVALID,0,0,1,0.0
F07,heldout,Robert,Linda,Robert,corrupt,0.0,21776,5199,-116.02631378173828,-115.55421447753906,-0.47209930419921875,0.0075108609446375724,262, the,INVALID,0,0,1,2.3124313354492188
F07,heldout,Robert,Linda,Robert,donor_r7,7.136590003967285,21776,5199,-113.62489318847656,-113.64684295654297,0.02194976806640625,0.011427914749768241,262, the,INVALID,0,0,1,3.1604156494140625
F07,heldout,Robert,Linda,Robert,donor_r8,11.075855255126953,21776,5199,-113.77185821533203,-114.72290802001953,0.9510498046875,0.02371521234549777,262, the,INVALID,0,0,1,2.4404678344726562
F07,heldout,Robert,Linda,Robert,donor_a9,1.5811842679977417,21776,5199,-115.07621765136719,-114.99618530273438,-0.0800323486328125,0.009066043954969974,262, the,INVALID,0,0,1,1.8920669555664062
F07,heldout,Robert,Linda,Robert,unrelated_norm,11.07585620880127,21776,5199,-112.6883773803711,-111.78717041015625,-0.9012069702148438,0.011266332220521239,262, the,INVALID,0,0,1,4.595420837402344
F07,heldout,Robert,Linda,Robert,permuted_norm,11.075855255126953,21776,5199,-116.31480407714844,-115.48152160644531,-0.833282470703125,0.006509133666989036,262, the,INVALID,0,0,1,2.4233245849609375
F07,heldout,Robert,Linda,Robert,wrong_address,11.075855255126953,21776,5199,-115.40474700927734,-114.9717788696289,-0.4329681396484375,0.0079707863376806,262, the,INVALID,0,0,1,1.9547882080078125
F07,heldout,Robert,Linda,Robert,inverse_norm,11.075855255126953,21776,5199,-116.56073760986328,-114.77764892578125,-1.7830886840820312,0.0027547993311367227,262, the,INVALID,0,0,1,2.2443389892578125
F07,heldout,Robert,Linda,Robert,cache_restore,0.0,21776,5199,-114.64651489257812,-115.5298080444336,0.8832931518554688,0.019374794840301298,262, the,INVALID,0,0,1,0.0
F07,heldout,Linda,Robert,Linda,clean,0.0,5199,21776,-115.55421447753906,-116.02631378173828,0.47209930419921875,0.012042588436202269,262, the,INVALID,0,0,1,0.0
F07,heldout,Linda,Robert,Linda,corrupt,0.0,5199,21776,-115.5298080444336,-114.64651489257812,-0.8832931518554688,0.008009912478091252,262, the,INVALID,0,0,1,2.3124313354492188
F07,heldout,Linda,Robert,Linda,donor_r7,7.136590003967285,5199,21776,-117.1648941040039,-117.25473022460938,0.08983612060546875,0.008759528589409886,262, the,INVALID,0,0,1,2.511871337890625
F07,heldout,Linda,Robert,Linda,donor_r8,11.075855255126953,5199,21776,-115.695068359375,-116.7025375366211,1.0074691772460938,0.010217877377682429,262, the,INVALID,0,0,1,1.7689590454101562
F07,heldout,Linda,Robert,Linda,donor_a9,1.5811842679977417,5199,21776,-114.22499084472656,-113.8681411743164,-0.35684967041015625,0.009497978349371227,262, the,INVALID,0,0,1,3.3677978515625
F07,heldout,Linda,Robert,Linda,unrelated_norm,11.075855255126953,5199,21776,-112.17556762695312,-110.7587890625,-1.416778564453125,0.012603275841655819,262, the,INVALID,0,0,1,5.632972717285156
F07,heldout,Linda,Robert,Linda,permuted_norm,11.075855255126953,5199,21776,-113.45282745361328,-112.31009674072266,-1.142730712890625,0.006365737038823664,262, the,INVALID,0,0,1,4.568817138671875
F07,heldout,Linda,Robert,Linda,wrong_address,11.075855255126953,5199,21776,-115.2942123413086,-114.48216247558594,-0.8120498657226562,0.008016136081080682,262, the,INVALID,0,0,1,2.57232666015625
F07,heldout,Linda,Robert,Linda,inverse_norm,11.075855255126953,5199,21776,-112.81085205078125,-109.5035400390625,-3.30731201171875,0.004171992417535289,262, the,INVALID,0,0,1,6.7394561767578125
F07,heldout,Linda,Robert,Linda,cache_restore,0.0,5199,21776,-115.55421447753906,-116.02631378173828,0.47209930419921875,0.012042588436202269,262, the,INVALID,0,0,1,0.0
F08,heldout,David,Emma,David,clean,0.0,18966,3271,-94.35746002197266,-96.84590148925781,2.4884414672851562,0.2435582824067846,18966, Emma,Emma,1,0,0,0.0
F08,heldout,David,Emma,David,corrupt,0.0,18966,3271,-97.96559143066406,-94.64396667480469,-3.321624755859375,0.014481690907325664,3271, David,David,0,1,0,3.6491012573242188
F08,heldout,David,Emma,David,donor_r7,11.11587142944336,18966,3271,-98.20868682861328,-95.5665283203125,-2.6421585083007812,0.02123090944883349,3271, David,David,0,1,0,3.851226806640625
F08,heldout,David,Emma,David,donor_r8,26.670225143432617,18966,3271,-92.36123657226562,-92.48387908935547,0.12264251708984375,0.08920668772620717,502, me,INVALID,0,0,1,4.558326721191406
F08,heldout,David,Emma,David,donor_a9,9.72087574005127,18966,3271,-98.42662048339844,-95.943603515625,-2.4830169677734375,0.028819519734986136,3271, David,David,0,1,0,4.138153076171875
F08,heldout,David,Emma,David,unrelated_norm,26.670225143432617,18966,3271,-91.66364288330078,-88.42261505126953,-3.24102783203125,0.016822244662995933,3271, David,David,0,1,0,8.873039245605469
F08,heldout,David,Emma,David,permuted_norm,26.670225143432617,18966,3271,-102.22886657714844,-98.62774658203125,-3.6011199951171875,0.009541758928316378,3271, David,David,0,1,0,7.963386535644531
F08,heldout,David,Emma,David,wrong_address,26.670225143432617,18966,3271,-97.15421295166016,-93.90184783935547,-3.2523651123046875,0.01541250118185048,3271, David,David,0,1,0,3.1508026123046875
F08,heldout,David,Emma,David,inverse_norm,26.670225143432617,18966,3271,-94.8343276977539,-88.68338775634766,-6.15093994140625,0.0013532226666205414,3271, David,David,0,1,0,8.396217346191406
F08,heldout,David,Emma,David,cache_restore,0.0,18966,3271,-94.35746002197266,-96.84590148925781,2.4884414672851562,0.2435582824067846,18966, Emma,Emma,1,0,0,0.0
F08,heldout,Emma,David,Emma,clean,0.0,3271,18966,-94.64396667480469,-97.96559143066406,3.321624755859375,0.4012200024366432,3271, David,David,1,0,0,0.0
F08,heldout,Emma,David,Emma,corrupt,0.0,3271,18966,-96.84590148925781,-94.35746002197266,-2.4884414672851562,0.02022490567997292,18966, Emma,Emma,0,1,0,3.6491012573242188
F08,heldout,Emma,David,Emma,donor_r7,11.11587142944336,3271,18966,-98.71422576904297,-97.84794616699219,-0.8662796020507812,0.06934712839209137,502, me,INVALID,0,0,1,4.430366516113281
F08,heldout,Emma,David,Emma,donor_r8,26.670225143432617,3271,18966,-96.88249206542969,-99.21049499511719,2.3280029296875,0.2163653740989796,3271, David,David,1,0,0,2.3101654052734375
F08,heldout,Emma,David,Emma,donor_a9,9.72087574005127,3271,18966,-96.39492797851562,-95.36792755126953,-1.0270004272460938,0.04853094246720865,502, me,INVALID,0,0,1,2.5976638793945312
F08,heldout,Emma,David,Emma,unrelated_norm,26.67022705078125,3271,18966,-91.25155639648438,-89.53107452392578,-1.7204818725585938,0.041161043188277346,18966, Emma,Emma,0,1,0,9.378410339355469
F08,heldout,Emma,David,Emma,permuted_norm,26.670225143432617,3271,18966,-91.68891906738281,-88.83409118652344,-2.854827880859375,0.016530788700326923,18966, Emma,Emma,0,1,0,9.618988037109375
F08,heldout,Emma,David,Emma,wrong_address,26.670225143432617,3271,18966,-97.70822143554688,-95.36529541015625,-2.342926025390625,0.024186822076923284,18966, Emma,Emma,0,1,0,3.2845916748046875
F08,heldout,Emma,David,Emma,inverse_norm,26.670225143432617,3271,18966,-91.37715911865234,-85.25160217285156,-6.125556945800781,0.0012050082224475927,18966, Emma,Emma,0,1,0,12.969291687011719
F08,heldout,Emma,David,Emma,cache_restore,0.0,3271,18966,-94.64396667480469,-97.96559143066406,3.321624755859375,0.4012200024366432,3271, David,David,1,0,0,0.0
F09,heldout,Robert,Linda,Robert,clean,0.0,21776,5199,-82.523193359375,-86.18026733398438,3.657073974609375,0.5838816622307074,21776, Linda,Linda,1,0,0,0.0
F09,heldout,Robert,Linda,Robert,corrupt,0.0,21776,5199,-97.49955749511719,-92.5430908203125,-4.9564666748046875,0.004445138542479856,5199, Robert,Robert,0,1,0,14.976364135742188
F09,heldout,Robert,Linda,Robert,donor_r7,11.845651626586914,21776,5199,-96.73177337646484,-92.29257202148438,-4.439201354980469,0.006941381254127612,5199, Robert,Robert,0,1,0,14.208580017089844
F09,heldout,Robert,Linda,Robert,donor_r8,33.89021301269531,21776,5199,-87.31249237060547,-88.54841613769531,1.2359237670898438,0.25140187377630985,21776, Linda,Linda,1,0,0,5.297607421875
F09,heldout,Robert,Linda,Robert,donor_a9,13.91726016998291,21776,5199,-92.42884063720703,-89.37321472167969,-3.0556259155273438,0.022745959343234146,5199, Robert,Robert,0,1,0,9.905647277832031
F09,heldout,Robert,Linda,Robert,unrelated_norm,33.89021301269531,21776,5199,-90.51944732666016,-86.23844146728516,-4.281005859375,0.008364887904865732,5199, Robert,Robert,0,1,0,7.996253967285156
F09,heldout,Robert,Linda,Robert,permuted_norm,33.89021301269531,21776,5199,-102.34893035888672,-97.73150634765625,-4.617424011230469,0.005493525946815239,5199, Robert,Robert,0,1,0,19.82573699951172
F09,heldout,Robert,Linda,Robert,wrong_address,33.89021301269531,21776,5199,-96.78190612792969,-91.8685302734375,-4.9133758544921875,0.004645284406466904,5199, Robert,Robert,0,1,0,14.258712768554688
F09,heldout,Robert,Linda,Robert,inverse_norm,33.89021301269531,21776,5199,-103.66512298583984,-95.74044799804688,-7.924674987792969,0.00025137186806587896,5199, Robert,Robert,0,1,0,21.141929626464844
F09,heldout,Robert,Linda,Robert,cache_restore,0.0,21776,5199,-82.523193359375,-86.18026733398438,3.657073974609375,0.5838816622307074,21776, Linda,Linda,1,0,0,0.0
F09,heldout,Linda,Robert,Linda,clean,0.0,5199,21776,-92.5430908203125,-97.49955749511719,4.9564666748046875,0.6316135347426605,5199, Robert,Robert,1,0,0,0.0
F09,heldout,Linda,Robert,Linda,corrupt,0.0,5199,21776,-86.18026733398438,-82.523193359375,-3.657073974609375,0.015068769462388701,21776, Linda,Linda,0,1,0,14.976364135742188
F09,heldout,Linda,Robert,Linda,donor_r7,11.845651626586914,5199,21776,-90.65584564208984,-89.34007263183594,-1.3157730102539062,0.09384409661777142,21776, Linda,Linda,0,1,0,8.15948486328125
F09,heldout,Linda,Robert,Linda,donor_r8,33.89021301269531,5199,21776,-95.35980224609375,-99.32038116455078,3.9605789184570312,0.41264080095214684,5199, Robert,Robert,1,0,0,2.8422470092773438
F09,heldout,Linda,Robert,Linda,donor_a9,13.91726016998291,5199,21776,-93.07378387451172,-91.93875885009766,-1.1350250244140625,0.09662660446162512,21776, Linda,Linda,0,1,0,5.560798645019531
F09,heldout,Linda,Robert,Linda,unrelated_norm,33.89021301269531,5199,21776,-77.53022766113281,-74.67915344238281,-2.85107421875,0.029308845443610818,21776, Linda,Linda,0,1,0,23.06707763671875
F09,heldout,Linda,Robert,Linda,permuted_norm,33.89021301269531,5199,21776,-81.82901000976562,-78.1862564086914,-3.6427536010742188,0.01302771328073734,21776, Linda,Linda,0,1,0,19.31330108642578
F09,heldout,Linda,Robert,Linda,wrong_address,33.89021301269531,5199,21776,-86.22960662841797,-82.69248962402344,-3.5371170043945312,0.016687292478212493,21776, Linda,Linda,0,1,0,14.80706787109375
F09,heldout,Linda,Robert,Linda,inverse_norm,33.89021301269531,5199,21776,-76.47488403320312,-67.79556274414062,-8.6793212890625,0.0001496673295202726,21776, Linda,Linda,0,1,0,29.703994750976562
F09,heldout,Linda,Robert,Linda,cache_restore,0.0,5199,21776,-92.5430908203125,-97.49955749511719,4.9564666748046875,0.6316135347426605,5199, Robert,Robert,1,0,0,0.0
F10,heldout,David,Emma,David,clean,0.0,18966,3271,-104.79039764404297,-107.45437622070312,2.6639785766601562,0.30041939926315303,18966, Emma,Emma,1,0,0,0.0
F10,heldout,David,Emma,David,corrupt,0.0,18966,3271,-112.23839569091797,-108.67021942138672,-3.56817626953125,0.009927044503319053,3271, David,David,0,1,0,7.447998046875
F10,heldout,David,Emma,David,donor_r7,11.675163269042969,18966,3271,-107.26384735107422,-104.6465835571289,-2.6172637939453125,0.01968447793039283,3271, David,David,0,1,0,3.001861572265625
F10,heldout,David,Emma,David,donor_r8,24.807544708251953,18966,3271,-106.4826431274414,-106.4802017211914,-0.00244140625,0.08492599705853592,607, her,INVALID,0,0,1,2.1254730224609375
F10,heldout,David,Emma,David,donor_a9,6.384204864501953,18966,3271,-114.99961853027344,-113.1377944946289,-1.8618240356445312,0.03469638261394438,3271, David,David,0,1,0,10.209220886230469
F10,heldout,David,Emma,David,unrelated_norm,24.807544708251953,18966,3271,-100.41324615478516,-96.89430236816406,-3.5189437866210938,0.011106285635895852,3271, David,David,0,1,0,11.64117431640625
F10,heldout,David,Emma,David,permuted_norm,24.807544708251953,18966,3271,-111.06314849853516,-107.59931945800781,-3.4638290405273438,0.007155451154903458,3271, David,David,0,1,0,6.2727508544921875
F10,heldout,David,Emma,David,wrong_address,24.807544708251953,18966,3271,-111.49854278564453,-108.11872863769531,-3.3798141479492188,0.011200521491766828,3271, David,David,0,1,0,6.7081451416015625
F10,heldout,David,Emma,David,inverse_norm,24.807544708251953,18966,3271,-111.89723205566406,-105.91952514648438,-5.9777069091796875,0.0011238007443257253,3271, David,David,0,1,0,7.106834411621094
F10,heldout,David,Emma,David,cache_restore,0.0,18966,3271,-104.79039764404297,-107.45437622070312,2.6639785766601562,0.30041939926315303,18966, Emma,Emma,1,0,0,0.0
F10,heldout,Emma,David,Emma,clean,0.0,3271,18966,-108.67021942138672,-112.23839569091797,3.56817626953125,0.3519323853900737,3271, David,David,1,0,0,0.0
F10,heldout,Emma,David,Emma,corrupt,0.0,3271,18966,-107.45437622070312,-104.79039764404297,-2.6639785766601562,0.020930363825023966,18966, Emma,Emma,0,1,0,7.447998046875
F10,heldout,Emma,David,Emma,donor_r7,11.675163269042969,3271,18966,-113.59346771240234,-112.91952514648438,-0.6739425659179688,0.0630608237298428,18966, Emma,Emma,0,1,0,5.063179016113281
F10,heldout,Emma,David,Emma,donor_r8,24.807544708251953,3271,18966,-109.54332733154297,-111.79399108886719,2.2506637573242188,0.16751410967561556,3271, David,David,1,0,0,1.3662796020507812
F10,heldout,Emma,David,Emma,donor_a9,6.384204864501953,3271,18966,-106.44306945800781,-105.6695785522461,-0.7734909057617188,0.06201293955700745,18966, Emma,Emma,0,1,0,6.568817138671875
F10,heldout,Emma,David,Emma,unrelated_norm,24.807544708251953,3271,18966,-96.15171813964844,-94.32740020751953,-1.8243179321289062,0.034218182798025416,18966, Emma,Emma,0,1,0,18.981460571289062
F10,heldout,Emma,David,Emma,permuted_norm,24.807544708251953,3271,18966,-106.88214874267578,-103.63247680664062,-3.2496719360351562,0.01385771842506469,18966, Emma,Emma,0,1,0,8.605918884277344
F10,heldout,Emma,David,Emma,wrong_address,24.807544708251953,3271,18966,-107.94557189941406,-105.29869079589844,-2.646881103515625,0.02107001842612975,18966, Emma,Emma,0,1,0,6.939704895019531
F10,heldout,Emma,David,Emma,inverse_norm,24.807544708251953,3271,18966,-95.68253326416016,-89.5960464477539,-6.08648681640625,0.0012197730154242551,18966, Emma,Emma,0,1,0,22.642349243164062
F10,heldout,Emma,David,Emma,cache_restore,0.0,3271,18966,-108.67021942138672,-112.23839569091797,3.56817626953125,0.3519323853900737,3271, David,David,1,0,0,0.0
F11,heldout,Robert,Linda,Robert,clean,0.0,21776,5199,-90.30632019042969,-94.33346557617188,4.0271453857421875,0.4739159564214351,21776, Linda,Linda,1,0,0,0.0
F11,heldout,Robert,Linda,Robert,corrupt,0.0,21776,5199,-119.11408233642578,-115.47412872314453,-3.63995361328125,0.010835207017309634,5199, Robert,Robert,0,1,0,28.953094482421875
F11,heldout,Robert,Linda,Robert,donor_r7,12.533777236938477,21776,5199,-109.52727508544922,-106.75273132324219,-2.7745437622070312,0.022038889198652854,5199, Robert,Robert,0,1,0,19.410476684570312
F11,heldout,Robert,Linda,Robert,donor_r8,30.393022537231445,21776,5199,-93.15203857421875,-94.64582824707031,1.4937896728515625,0.1934257399074886,21776, Linda,Linda,1,0,0,3.74896240234375
F11,heldout,Robert,Linda,Robert,donor_a9,9.596866607666016,21776,5199,-107.65097045898438,-105.92583465576172,-1.7251358032226562,0.029033234548621376,5199, Robert,Robert,0,1,0,17.344650268554688
F11,heldout,Robert,Linda,Robert,unrelated_norm,30.393022537231445,21776,5199,-103.52000427246094,-100.0888442993164,-3.4311599731445312,0.014706991643232123,5199, Robert,Robert,0,1,0,13.21368408203125
F11,heldout,Robert,Linda,Robert,permuted_norm,30.393022537231445,21776,5199,-117.6181640625,-114.26866149902344,-3.3495025634765625,0.012748245090046968,5199, Robert,Robert,0,1,0,27.629013061523438
F11,heldout,Robert,Linda,Robert,wrong_address,30.393022537231445,21776,5199,-118.90192413330078,-115.42289733886719,-3.4790267944335938,0.012126990437605572,5199, Robert,Robert,0,1,0,28.793243408203125
F11,heldout,Robert,Linda,Robert,inverse_norm,30.393022537231445,21776,5199,-130.1936492919922,-123.3796615600586,-6.813987731933594,0.0004708781192278356,5199, Robert,Robert,0,1,0,39.8873291015625
F11,heldout,Robert,Linda,Robert,cache_restore,0.0,21776,5199,-90.30632019042969,-94.33346557617188,4.0271453857421875,0.4739159564214351,21776, Linda,Linda,1,0,0,0.0
F11,heldout,Linda,Robert,Linda,clean,0.0,5199,21776,-115.47412872314453,-119.11408233642578,3.63995361328125,0.41271379170664535,5199, Robert,Robert,1,0,0,0.0
F11,heldout,Linda,Robert,Linda,corrupt,0.0,5199,21776,-94.33346557617188,-90.30632019042969,-4.0271453857421875,0.008447618886711266,21776, Linda,Linda,0,1,0,28.953094482421875
F11,heldout,Linda,Robert,Linda,donor_r7,12.533777236938477,5199,21776,-110.4317626953125,-109.37831115722656,-1.0534515380859375,0.0777022219112569,21776, Linda,Linda,0,1,0,9.735771179199219
F11,heldout,Linda,Robert,Linda,donor_r8,30.393022537231445,5199,21776,-117.70881652832031,-120.18450927734375,2.4756927490234375,0.2208056677978919,5199, Robert,Robert,1,0,0,2.2573699951171875
F11,heldout,Linda,Robert,Linda,donor_a9,9.596866607666016,5199,21776,-105.03559112548828,-101.95890045166016,-3.076690673828125,0.024659179126872377,21776, Linda,Linda,0,1,0,17.155181884765625
F11,heldout,Linda,Robert,Linda,unrelated_norm,30.393022537231445,5199,21776,-86.46217346191406,-84.196044921875,-2.2661285400390625,0.03732864767923332,21776, Linda,Linda,0,1,0,37.20935821533203
F11,heldout,Linda,Robert,Linda,permuted_norm,30.393022537231445,5199,21776,-95.28572082519531,-91.3731689453125,-3.9125518798828125,0.00860644266806487,21776, Linda,Linda,0,1,0,28.498245239257812
F11,heldout,Linda,Robert,Linda,wrong_address,30.393022537231445,5199,21776,-94.3161392211914,-90.42315673828125,-3.8929824829101562,0.009386428142595124,21776, Linda,Linda,0,1,0,28.87567901611328
F11,heldout,Linda,Robert,Linda,inverse_norm,30.393022537231445,5199,21776,-77.97223663330078,-69.60986328125,-8.362373352050781,0.00018477127123204466,21776, Linda,Linda,0,1,0,50.35084533691406
F11,heldout,Linda,Robert,Linda,cache_restore,0.0,5199,21776,-115.47412872314453,-119.11408233642578,3.63995361328125,0.41271379170664535,5199, Robert,Robert,1,0,0,0.0
