id,case,family,query,candidate,top_id,top_text,word_a,word_b,word_a_id,word_b_id,word_a_logit,word_b_logit,word_a_probability,word_b_probability,edit_norm,capped
J04_g0_c0_recipient/none,J04_g0_c0_recipient,J04,recipient,none,10674, Elizabeth,William,Elizabeth,3977,10674,-83.09487915039062,-80.17555236816406,0.01352804008492036,0.2506584754260293,0.0,0
J04_g0_c0_color/none,J04_g0_c0_color,J04,color,none,2266, red,red,blue,2266,4171,-111.16609191894531,-112.24673461914062,0.07913556386827697,0.026856816979563474,0.0,0
J04_g0_c1_recipient/none,J04_g0_c1_recipient,J04,recipient,none,10674, Elizabeth,William,Elizabeth,3977,10674,-84.69676971435547,-81.71435546875,0.012381464114042744,0.24435321239656996,0.0,0
J04_g0_c1_color/none,J04_g0_c1_color,J04,color,none,2266, red,red,blue,2266,4171,-110.94970703125,-111.02318572998047,0.06041253530455179,0.05613266589467623,0.0,0
J04_g1_c0_recipient/none,J04_g1_c0_recipient,J04,recipient,none,3977, William,William,Elizabeth,3977,10674,-91.84114837646484,-94.16828155517578,0.19318318206130858,0.01884986382832437,0.0,0
J04_g1_c0_color/none,J04_g1_c0_color,J04,color,none,2266, red,red,blue,2266,4171,-111.13383483886719,-112.15450286865234,0.07937275159661075,0.028602299042161727,0.0,0
J04_g1_c1_recipient/none,J04_g1_c1_recipient,J04,recipient,none,3977, William,William,Elizabeth,3977,10674,-94.82772827148438,-97.10132598876953,0.1914821636432068,0.019711396021790572,0.0,0
J04_g1_c1_color/none,J04_g1_c1_color,J04,color,none,4171, blue,red,blue,2266,4171,-110.12903594970703,-110.10853576660156,0.05631590047442447,0.05748230161560022,0.0,0
J04_g0_c0_recipient/d6_internal,J04_g0_c0_recipient,J04,recipient,d6_internal,465, his,William,Elizabeth,3977,10674,-80.61588287353516,-82.58326721191406,0.11808119733252047,0.016510361647272227,32.828636169433594,0
J04_g0_c0_recipient/d6_task,J04_g0_c0_recipient,J04,recipient,d6_task,10674, Elizabeth,William,Elizabeth,3977,10674,-81.23126220703125,-78.04915618896484,0.009643881641536064,0.2323929538726193,11.946939468383789,0
J04_g0_c0_recipient/d6_yoked,J04_g0_c0_recipient,J04,recipient,d6_yoked,10674, Elizabeth,William,Elizabeth,3977,10674,-76.08104705810547,-71.3406982421875,0.0025868034426589828,0.29612206093981647,28.17900848388672,0
J04_g0_c0_recipient/d6_ridge,J04_g0_c0_recipient,J04,recipient,d6_ridge,465, his,William,Elizabeth,3977,10674,-84.85459899902344,-84.58609008789062,0.0692174459197342,0.09053729367682711,16.542814254760742,0
J04_g0_c0_recipient/reflection,J04_g0_c0_recipient,J04,recipient,reflection,465, his,William,Elizabeth,3977,10674,-85.09925079345703,-84.86053466796875,0.07715821562546794,0.09796146505491914,17.46763801574707,0
J04_g0_c0_recipient/reflection_capped,J04_g0_c0_recipient,J04,recipient,reflection_capped,465, his,William,Elizabeth,3977,10674,-85.09925079345703,-84.86053466796875,0.07715821562546794,0.09796146505491914,17.46763801574707,0
J04_g0_c0_recipient/donor,J04_g0_c0_recipient,J04,recipient,donor,465, his,William,Elizabeth,3977,10674,-90.53084564208984,-91.72804260253906,0.08577958009619673,0.025908834825743417,25.15492820739746,0
J04_g0_c0_color/d6_internal,J04_g0_c0_color,J04,color,d6_internal,2266, red,red,blue,2266,4171,-102.88972473144531,-103.69044494628906,0.05002904781758818,0.0224633159906658,60.69660949707031,0
J04_g0_c0_color/d6_task,J04_g0_c0_color,J04,color,d6_task,2266, red,red,blue,2266,4171,-113.4068603515625,-114.2552490234375,0.0832463308104723,0.03563810325627761,27.270065307617188,0
J04_g0_c0_color/d6_yoked,J04_g0_c0_color,J04,color,d6_yoked,2266, red,red,blue,2266,4171,-104.62667083740234,-105.91658020019531,0.07389053683036653,0.020341749572032258,69.50833892822266,1
J04_g0_c0_color/d6_ridge,J04_g0_c0_color,J04,color,d6_ridge,2266, red,red,blue,2266,4171,-110.08766174316406,-111.31898498535156,0.08640328638869056,0.02522164286585834,32.12004089355469,0
J04_g0_c0_color/reflection,J04_g0_c0_color,J04,color,reflection,2266, red,red,blue,2266,4171,-110.08340454101562,-111.39999389648438,0.08138241320982827,0.02181438992343117,34.292423248291016,0
J04_g0_c0_color/reflection_capped,J04_g0_c0_color,J04,color,reflection_capped,2266, red,red,blue,2266,4171,-110.08340454101562,-111.39999389648438,0.08138241320982827,0.02181438992343117,34.292423248291016,0
J04_g0_c0_color/donor,J04_g0_c0_color,J04,color,donor,2266, red,red,blue,2266,4171,-110.99567413330078,-112.05152130126953,0.0805759984419794,0.02803219444080513,6.383883953094482,0
J04_g0_c1_recipient/d6_internal,J04_g0_c1_recipient,J04,recipient,d6_internal,465, his,William,Elizabeth,3977,10674,-81.99576568603516,-84.06340026855469,0.1227491877598983,0.01552588400758786,33.370643615722656,0
J04_g0_c1_recipient/d6_task,J04_g0_c1_recipient,J04,recipient,d6_task,10674, Elizabeth,William,Elizabeth,3977,10674,-81.98109436035156,-78.34437561035156,0.006487855287646535,0.2463247437578605,14.354524612426758,0
J04_g0_c1_recipient/d6_yoked,J04_g0_c1_recipient,J04,recipient,d6_yoked,10674, Elizabeth,William,Elizabeth,3977,10674,-76.53823852539062,-71.49061584472656,0.001831139530518507,0.28502051154041785,32.39090347290039,0
J04_g0_c1_recipient/d6_ridge,J04_g0_c1_recipient,J04,recipient,d6_ridge,465, his,William,Elizabeth,3977,10674,-85.7166748046875,-85.2005844116211,0.06358057080079328,0.10652698423847752,15.960098266601562,0
J04_g0_c1_recipient/reflection,J04_g0_c1_recipient,J04,recipient,reflection,465, his,William,Elizabeth,3977,10674,-86.60218811035156,-86.1557846069336,0.06709918604676464,0.10485468265560077,17.043811798095703,0
J04_g0_c1_recipient/reflection_capped,J04_g0_c1_recipient,J04,recipient,reflection_capped,465, his,William,Elizabeth,3977,10674,-86.60218811035156,-86.1557846069336,0.06709918604676464,0.10485468265560077,17.043811798095703,0
J04_g0_c1_recipient/donor,J04_g0_c1_recipient,J04,recipient,donor,465, his,William,Elizabeth,3977,10674,-93.30961608886719,-94.43065643310547,0.07898189592265649,0.025743400845757596,23.887788772583008,0
J04_g0_c1_color/d6_internal,J04_g0_c1_color,J04,color,d6_internal,2266, red,red,blue,2266,4171,-101.542724609375,-101.82473754882812,0.04483086724243739,0.03381430587431043,63.28752136230469,0
J04_g0_c1_color/d6_task,J04_g0_c1_color,J04,color,d6_task,4171, blue,red,blue,2266,4171,-112.29212951660156,-112.02862548828125,0.05714997987975275,0.07437970084452625,25.86238670349121,0
J04_g0_c1_color/d6_yoked,J04_g0_c1_color,J04,color,d6_yoked,2266, red,red,blue,2266,4171,-102.92554473876953,-103.0075912475586,0.0513127333794292,0.04727078382849061,69.50834655761719,1
J04_g0_c1_color/d6_ridge,J04_g0_c1_color,J04,color,d6_ridge,2266, red,red,blue,2266,4171,-109.18138122558594,-109.33592987060547,0.06359953665197346,0.05449219824497377,32.43809127807617,0
J04_g0_c1_color/reflection,J04_g0_c1_color,J04,color,reflection,2266, red,red,blue,2266,4171,-109.42352294921875,-109.67752075195312,0.05882324606674555,0.04562881000224272,34.82039260864258,0
J04_g0_c1_color/reflection_capped,J04_g0_c1_color,J04,color,reflection_capped,2266, red,red,blue,2266,4171,-109.42352294921875,-109.67752075195312,0.05882324606674555,0.04562881000224272,34.82039260864258,0
J04_g0_c1_color/donor,J04_g0_c1_color,J04,color,donor,2266, red,red,blue,2266,4171,-110.78246307373047,-110.86701965332031,0.06122124958020699,0.056257409959731074,6.373064994812012,0
J04_g1_c0_recipient/d6_internal,J04_g1_c0_recipient,J04,recipient,d6_internal,3977, William,William,Elizabeth,3977,10674,-87.9273910522461,-92.10043334960938,0.39674291899240444,0.006111952097324015,23.128536224365234,0
J04_g1_c0_recipient/d6_task,J04_g1_c0_recipient,J04,recipient,d6_task,607, her,William,Elizabeth,3977,10674,-83.8602066040039,-82.47118377685547,0.011094805121200228,0.04450047302175876,32.223121643066406,0
J04_g1_c0_recipient/d6_yoked,J04_g1_c0_recipient,J04,recipient,d6_yoked,607, her,William,Elizabeth,3977,10674,-79.26532745361328,-75.78775024414062,0.0018701940720806654,0.06055907996047183,49.38628387451172,0
J04_g1_c0_recipient/d6_ridge,J04_g1_c0_recipient,J04,recipient,d6_ridge,607, her,William,Elizabeth,3977,10674,-86.73320007324219,-85.0805435180664,0.017802990964529093,0.09294640438298539,28.516845703125,0
J04_g1_c0_recipient/reflection,J04_g1_c0_recipient,J04,recipient,reflection,607, her,William,Elizabeth,3977,10674,-86.55445098876953,-84.82125091552734,0.018940893006141324,0.10718146248508775,29.93022346496582,0
J04_g1_c0_recipient/reflection_capped,J04_g1_c0_recipient,J04,recipient,reflection_capped,607, her,William,Elizabeth,3977,10674,-86.55445098876953,-84.82125091552734,0.018940893006141324,0.10718146248508775,29.93022346496582,0
J04_g1_c0_recipient/donor,J04_g1_c0_recipient,J04,recipient,donor,607, her,William,Elizabeth,3977,10674,-83.95291137695312,-82.77737426757812,0.032926609240236146,0.10667834993276261,25.15492820739746,0
J04_g1_c0_color/d6_internal,J04_g1_c0_color,J04,color,d6_internal,2266, red,red,blue,2266,4171,-101.93000030517578,-102.69648742675781,0.051190071597738744,0.023785079624434487,61.47993469238281,0
J04_g1_c0_color/d6_task,J04_g1_c0_color,J04,color,d6_task,2266, red,red,blue,2266,4171,-112.87923431396484,-113.73137664794922,0.07979840997924405,0.03403404153006511,28.85516357421875,0
J04_g1_c0_color/d6_yoked,J04_g1_c0_color,J04,color,d6_yoked,2266, red,red,blue,2266,4171,-104.0370864868164,-105.29159545898438,0.08110164266313419,0.023131474984463513,69.50833892822266,1
J04_g1_c0_color/d6_ridge,J04_g1_c0_color,J04,color,d6_ridge,2266, red,red,blue,2266,4171,-108.49149322509766,-109.69890594482422,0.08232108976295177,0.02461151960218575,33.358665466308594,0
J04_g1_c0_color/reflection,J04_g1_c0_color,J04,color,reflection,2266, red,red,blue,2266,4171,-109.93962097167969,-111.23200988769531,0.08068785495099115,0.022158012110809436,35.665496826171875,0
J04_g1_c0_color/reflection_capped,J04_g1_c0_color,J04,color,reflection_capped,2266, red,red,blue,2266,4171,-109.93962097167969,-111.23200988769531,0.08068785495099115,0.022158012110809436,35.665496826171875,0
J04_g1_c0_color/donor,J04_g1_c0_color,J04,color,donor,2266, red,red,blue,2266,4171,-111.45149230957031,-112.51083374023438,0.07926185500397617,0.027478820954873827,6.383883953094482,0
J04_g1_c1_recipient/d6_internal,J04_g1_c1_recipient,J04,recipient,d6_internal,3977, William,William,Elizabeth,3977,10674,-89.1729736328125,-92.9751205444336,0.34999415241355136,0.00781284782235519,21.00180435180664,0
J04_g1_c1_recipient/d6_task,J04_g1_c1_recipient,J04,recipient,d6_task,607, her,William,Elizabeth,3977,10674,-82.83173370361328,-79.83462524414062,0.0019791211426628402,0.039636933125745795,42.76449203491211,0
J04_g1_c1_recipient/d6_yoked,J04_g1_c1_recipient,J04,recipient,d6_yoked,607, her,William,Elizabeth,3977,10674,-79.53499603271484,-75.280029296875,0.0006734109183919361,0.04744481173176984,56.945255279541016,0
J04_g1_c1_recipient/d6_ridge,J04_g1_c1_recipient,J04,recipient,d6_ridge,607, her,William,Elizabeth,3977,10674,-88.85987854003906,-87.0992431640625,0.015192046381184937,0.08835894180084071,28.18544578552246,0
J04_g1_c1_recipient/reflection,J04_g1_c1_recipient,J04,recipient,reflection,607, her,William,Elizabeth,3977,10674,-88.72968292236328,-86.85533905029297,0.015735029021998997,0.10253797799805638,29.506738662719727,0
J04_g1_c1_recipient/reflection_capped,J04_g1_c1_recipient,J04,recipient,reflection_capped,607, her,William,Elizabeth,3977,10674,-88.72968292236328,-86.85533905029297,0.015735029021998997,0.10253797799805638,29.506738662719727,0
J04_g1_c1_recipient/donor,J04_g1_c1_recipient,J04,recipient,donor,607, her,William,Elizabeth,3977,10674,-85.57970428466797,-84.46251678466797,0.03118850331374146,0.09531975132419221,23.887788772583008,0
J04_g1_c1_color/d6_internal,J04_g1_c1_color,J04,color,d6_internal,257, a,red,blue,2266,4171,-100.89769744873047,-101.15760803222656,0.040928341244008404,0.031560684340391804,63.35627746582031,0
J04_g1_c1_color/d6_task,J04_g1_c1_color,J04,color,d6_task,4171, blue,red,blue,2266,4171,-112.34442901611328,-111.88851165771484,0.0518831741796359,0.08185193129528946,27.915546417236328,0
J04_g1_c1_color/d6_yoked,J04_g1_c1_color,J04,color,d6_yoked,4171, blue,red,blue,2266,4171,-102.8887710571289,-102.76577758789062,0.05413107700560653,0.06121559188899974,69.50833892822266,1
J04_g1_c1_color/d6_ridge,J04_g1_c1_color,J04,color,d6_ridge,2266, red,red,blue,2266,4171,-108.83131408691406,-108.9056625366211,0.05860865052998244,0.05440923257678769,33.204856872558594,0
J04_g1_c1_color/reflection,J04_g1_c1_color,J04,color,reflection,2266, red,red,blue,2266,4171,-108.13367462158203,-108.33552551269531,0.05625466959464715,0.04597225956025972,35.63095474243164,0
J04_g1_c1_color/reflection_capped,J04_g1_c1_color,J04,color,reflection_capped,2266, red,red,blue,2266,4171,-108.13367462158203,-108.33552551269531,0.05625466959464715,0.04597225956025972,35.63095474243164,0
J04_g1_c1_color/donor,J04_g1_c1_color,J04,color,donor,4171, blue,red,blue,2266,4171,-109.7342529296875,-109.65343475341797,0.05836763698859752,0.06328065988007421,6.373064994812012,0
J05_g0_c0_recipient/none,J05_g0_c0_recipient,J05,recipient,none,14919, Susan,Joseph,Susan,7212,14919,-79.76502227783203,-77.41009521484375,0.03222734634054899,0.3395911589395544,0.0,0
J05_g0_c0_color/none,J05_g0_c0_color,J05,color,none,2266, red,red,blue,2266,4171,-115.14225769042969,-116.1032943725586,0.06345342617852442,0.02427069143595272,0.0,0
J05_g0_c1_recipient/none,J05_g0_c1_recipient,J05,recipient,none,14919, Susan,Joseph,Susan,7212,14919,-82.23825073242188,-80.28282165527344,0.04011105619509786,0.28346285426044965,0.0,0
J05_g0_c1_color/none,J05_g0_c1_color,J05,color,none,2266, red,red,blue,2266,4171,-114.4655532836914,-114.53594970703125,0.04866045462726616,0.04535272472557554,0.0,0
J05_g1_c0_recipient/none,J05_g1_c0_recipient,J05,recipient,none,7212, Joseph,Joseph,Susan,7212,14919,-92.37813568115234,-96.79903411865234,0.6444619244423692,0.007748639700669714,0.0,0
J05_g1_c0_color/none,J05_g1_c0_color,J05,color,none,2266, red,red,blue,2266,4171,-114.48566436767578,-115.39948272705078,0.05578029694887114,0.022367350897467164,0.0,0
J05_g1_c1_recipient/none,J05_g1_c1_recipient,J05,recipient,none,7212, Joseph,Joseph,Susan,7212,14919,-95.3495101928711,-99.87724304199219,0.6218545681601673,0.0067192289141431855,0.0,0
J05_g1_c1_color/none,J05_g1_c1_color,J05,color,none,257, a,red,blue,2266,4171,-113.08037567138672,-113.12609100341797,0.042940423645806323,0.04102158232455493,0.0,0
J05_g0_c0_recipient/d6_internal,J05_g0_c0_recipient,J05,recipient,d6_internal,7212, Joseph,Joseph,Susan,7212,14919,-82.46560668945312,-83.90141296386719,0.2344360944197523,0.055777845576320415,39.18572235107422,0
J05_g0_c0_recipient/d6_task,J05_g0_c0_recipient,J05,recipient,d6_task,14919, Susan,Joseph,Susan,7212,14919,-76.33384704589844,-72.73530578613281,0.010970463110142254,0.4009143242404922,18.771772384643555,0
J05_g0_c0_recipient/d6_yoked,J05_g0_c0_recipient,J05,recipient,d6_yoked,14919, Susan,Joseph,Susan,7212,14919,-72.73213195800781,-67.57882690429688,0.002590768944713504,0.448209059936117,40.36129379272461,0
J05_g0_c0_recipient/d6_ridge,J05_g0_c0_recipient,J05,recipient,d6_ridge,7212, Joseph,Joseph,Susan,7212,14919,-86.96717834472656,-88.29664611816406,0.333073244014833,0.08813719586519264,27.076881408691406,0
J05_g0_c0_recipient/reflection,J05_g0_c0_recipient,J05,recipient,reflection,7212, Joseph,Joseph,Susan,7212,14919,-87.37376403808594,-88.77879333496094,0.3616645346283903,0.08873796250210783,27.43560218811035,0
J05_g0_c0_recipient/reflection_capped,J05_g0_c0_recipient,J05,recipient,reflection_capped,7212, Joseph,Joseph,Susan,7212,14919,-87.37376403808594,-88.77879333496094,0.3616645346283903,0.08873796250210783,27.43560218811035,0
J05_g0_c0_recipient/donor,J05_g0_c0_recipient,J05,recipient,donor,7212, Joseph,Joseph,Susan,7212,14919,-92.93721771240234,-95.89849090576172,0.3973101657097321,0.020561986511328297,31.94281768798828,0
J05_g0_c0_color/d6_internal,J05_g0_c0_color,J05,color,d6_internal,257, a,red,blue,2266,4171,-103.1962890625,-104.18939208984375,0.03768119298280453,0.013958073449572053,65.69756317138672,0
J05_g0_c0_color/d6_task,J05_g0_c0_color,J05,color,d6_task,2266, red,red,blue,2266,4171,-115.98785400390625,-116.66197204589844,0.06302196179998874,0.03211634927399322,27.459993362426758,0
J05_g0_c0_color/d6_yoked,J05_g0_c0_color,J05,color,d6_yoked,2266, red,red,blue,2266,4171,-104.9737319946289,-106.7970962524414,0.06353004153355349,0.010258930876352696,69.50833892822266,1
J05_g0_c0_color/d6_ridge,J05_g0_c0_color,J05,color,d6_ridge,2266, red,red,blue,2266,4171,-114.63111877441406,-115.88695526123047,0.06862422624794075,0.01954675206553412,33.45686340332031,0
J05_g0_c0_color/reflection,J05_g0_c0_color,J05,color,reflection,2266, red,red,blue,2266,4171,-113.93849182128906,-115.29224395751953,0.06436060577586188,0.016622373650506932,36.05342102050781,0
J05_g0_c0_color/reflection_capped,J05_g0_c0_color,J05,color,reflection_capped,2266, red,red,blue,2266,4171,-113.93849182128906,-115.29224395751953,0.06436060577586188,0.016622373650506932,36.05342102050781,0
J05_g0_c0_color/donor,J05_g0_c0_color,J05,color,donor,2266, red,red,blue,2266,4171,-114.50569915771484,-115.39840698242188,0.05622320801848177,0.02302594908414974,8.093157768249512,0
J05_g0_c1_recipient/d6_internal,J05_g0_c1_recipient,J05,recipient,d6_internal,7212, Joseph,Joseph,Susan,7212,14919,-84.76968383789062,-86.41903686523438,0.23754997282665505,0.04565097595530894,38.037418365478516,0
J05_g0_c1_recipient/d6_task,J05_g0_c1_recipient,J05,recipient,d6_task,14919, Susan,Joseph,Susan,7212,14919,-78.08325958251953,-74.24371337890625,0.008102531591605767,0.37680309577585236,23.005231857299805,0
J05_g0_c1_recipient/d6_yoked,J05_g0_c1_recipient,J05,recipient,d6_yoked,14919, Susan,Joseph,Susan,7212,14919,-73.60700988769531,-68.2222671508789,0.0018998330192858215,0.41426618847459284,44.66294479370117,0
J05_g0_c1_recipient/d6_ridge,J05_g0_c1_recipient,J05,recipient,d6_ridge,7212, Joseph,Joseph,Susan,7212,14919,-88.92545318603516,-90.04882049560547,0.31646689977143677,0.10290964234886048,25.286500930786133,0
J05_g0_c1_recipient/reflection,J05_g0_c1_recipient,J05,recipient,reflection,7212, Joseph,Joseph,Susan,7212,14919,-89.00017547607422,-90.23663330078125,0.3246036745395809,0.09426850537132353,25.5598201751709,0
J05_g0_c1_recipient/reflection_capped,J05_g0_c1_recipient,J05,recipient,reflection_capped,7212, Joseph,Joseph,Susan,7212,14919,-89.00017547607422,-90.23663330078125,0.3246036745395809,0.09426850537132353,25.5598201751709,0
J05_g0_c1_recipient/donor,J05_g0_c1_recipient,J05,recipient,donor,7212, Joseph,Joseph,Susan,7212,14919,-95.52446746826172,-98.06072235107422,0.32286350029544725,0.025558622912245896,29.21770668029785,0
J05_g0_c1_color/d6_internal,J05_g0_c1_color,J05,color,d6_internal,257, a,red,blue,2266,4171,-102.54975891113281,-103.02327728271484,0.03228401342014814,0.020106714129289383,66.2557373046875,0
J05_g0_c1_color/d6_task,J05_g0_c1_color,J05,color,d6_task,4171, blue,red,blue,2266,4171,-115.47691345214844,-115.22662353515625,0.04517662231403274,0.05802475121435654,26.09120750427246,0
J05_g0_c1_color/d6_yoked,J05_g0_c1_color,J05,color,d6_yoked,2266, red,red,blue,2266,4171,-103.63959503173828,-104.5051040649414,0.04964203946511891,0.020891220760282693,69.50833892822266,1
J05_g0_c1_color/d6_ridge,J05_g0_c1_color,J05,color,d6_ridge,2266, red,red,blue,2266,4171,-113.71354675292969,-114.08189392089844,0.05368056332096284,0.03714034402093569,33.173954010009766,0
J05_g0_c1_color/reflection,J05_g0_c1_color,J05,color,reflection,257, a,red,blue,2266,4171,-112.82140350341797,-113.25006866455078,0.047934757378937924,0.031223646360399492,35.7123908996582,0
J05_g0_c1_color/reflection_capped,J05_g0_c1_color,J05,color,reflection_capped,257, a,red,blue,2266,4171,-112.82140350341797,-113.25006866455078,0.047934757378937924,0.031223646360399492,35.7123908996582,0
J05_g0_c1_color/donor,J05_g0_c1_color,J05,color,donor,257, a,red,blue,2266,4171,-112.1880111694336,-112.25247955322266,0.04513157022587775,0.04231381476145941,6.548069000244141,0
J05_g1_c0_recipient/d6_internal,J05_g1_c0_recipient,J05,recipient,d6_internal,7212, Joseph,Joseph,Susan,7212,14919,-92.21080017089844,-98.35005950927734,0.7349451438269781,0.0015849241064226293,20.5772647857666,0
J05_g1_c0_recipient/d6_task,J05_g1_c0_recipient,J05,recipient,d6_task,7212, Joseph,Joseph,Susan,7212,14919,-85.55490112304688,-87.86965942382812,0.31242500206998225,0.03086448426158734,21.942312240600586,0
J05_g1_c0_recipient/d6_yoked,J05_g1_c0_recipient,J05,recipient,d6_yoked,607, her,Joseph,Susan,7212,14919,-81.69625854492188,-80.1033935546875,0.033956949145260144,0.16699410475576004,36.90647888183594,0
J05_g1_c0_recipient/d6_ridge,J05_g1_c0_recipient,J05,recipient,d6_ridge,607, her,Joseph,Susan,7212,14919,-83.8797378540039,-83.35298919677734,0.09175786554898517,0.15538437230226665,29.18085289001465,0
J05_g1_c0_recipient/reflection,J05_g1_c0_recipient,J05,recipient,reflection,607, her,Joseph,Susan,7212,14919,-83.75262451171875,-83.04840087890625,0.08871177795444841,0.17939970360313093,30.081035614013672,0
J05_g1_c0_recipient/reflection_capped,J05_g1_c0_recipient,J05,recipient,reflection_capped,607, her,Joseph,Susan,7212,14919,-83.75262451171875,-83.04840087890625,0.08871177795444841,0.17939970360313093,30.081035614013672,0
J05_g1_c0_recipient/donor,J05_g1_c0_recipient,J05,recipient,donor,14919, Susan,Joseph,Susan,7212,14919,-81.2015609741211,-79.76685333251953,0.05557918221678548,0.23334460496089313,31.94281768798828,0
J05_g1_c0_color/d6_internal,J05_g1_c0_color,J05,color,d6_internal,257, a,red,blue,2266,4171,-104.03923797607422,-104.83999633789062,0.02921948850280322,0.013119209619896984,62.3101692199707,0
J05_g1_c0_color/d6_task,J05_g1_c0_color,J05,color,d6_task,2266, red,red,blue,2266,4171,-115.92124938964844,-116.56439208984375,0.05470963491158887,0.028757457781527156,27.002750396728516,0
J05_g1_c0_color/d6_yoked,J05_g1_c0_color,J05,color,d6_yoked,2266, red,red,blue,2266,4171,-105.35563659667969,-107.09197998046875,0.06360131218602762,0.011204222522636439,69.50834655761719,1
J05_g1_c0_color/d6_ridge,J05_g1_c0_color,J05,color,d6_ridge,2266, red,red,blue,2266,4171,-113.53765869140625,-114.69599914550781,0.05626689375353938,0.017668190489521125,32.88191223144531,0
J05_g1_c0_color/reflection,J05_g1_c0_color,J05,color,reflection,2266, red,red,blue,2266,4171,-113.44223022460938,-114.68812561035156,0.053777410284887986,0.01547085776542352,35.21141052246094,0
J05_g1_c0_color/reflection_capped,J05_g1_c0_color,J05,color,reflection_capped,2266, red,red,blue,2266,4171,-113.44223022460938,-114.68812561035156,0.053777410284887986,0.01547085776542352,35.21141052246094,0
J05_g1_c0_color/donor,J05_g1_c0_color,J05,color,donor,2266, red,red,blue,2266,4171,-115.51427459716797,-116.49539947509766,0.06528023306921968,0.024472851546729894,8.093157768249512,0
J05_g1_c1_recipient/d6_internal,J05_g1_c1_recipient,J05,recipient,d6_internal,7212, Joseph,Joseph,Susan,7212,14919,-94.0707015991211,-100.21975708007812,0.6735305420750819,0.0014383230151848838,20.950986862182617,0
J05_g1_c1_recipient/d6_task,J05_g1_c1_recipient,J05,recipient,d6_task,607, her,Joseph,Susan,7212,14919,-85.3812484741211,-85.7456283569336,0.07697968512171176,0.053472188341062016,29.680452346801758,0
J05_g1_c1_recipient/d6_yoked,J05_g1_c1_recipient,J05,recipient,d6_yoked,607, her,Joseph,Susan,7212,14919,-81.56239318847656,-78.90608215332031,0.00999330208694231,0.14234107475119404,45.82634735107422,0
J05_g1_c1_recipient/d6_ridge,J05_g1_c1_recipient,J05,recipient,d6_ridge,607, her,Joseph,Susan,7212,14919,-86.36043548583984,-85.92139434814453,0.08528104876361535,0.13228959168063104,28.64866828918457,0
J05_g1_c1_recipient/reflection,J05_g1_c1_recipient,J05,recipient,reflection,607, her,Joseph,Susan,7212,14919,-86.8965072631836,-86.41345977783203,0.08615996374222339,0.139665893771132,29.62358856201172,0
J05_g1_c1_recipient/reflection_capped,J05_g1_c1_recipient,J05,recipient,reflection_capped,607, her,Joseph,Susan,7212,14919,-86.8965072631836,-86.41345977783203,0.08615996374222339,0.139665893771132,29.62358856201172,0
J05_g1_c1_recipient/donor,J05_g1_c1_recipient,J05,recipient,donor,14919, Susan,Joseph,Susan,7212,14919,-84.16905212402344,-83.13555145263672,0.0677940716675778,0.19056158515552438,29.21770668029785,0
J05_g1_c1_color/d6_internal,J05_g1_c1_color,J05,color,d6_internal,257, a,red,blue,2266,4171,-100.75826263427734,-101.28485107421875,0.02853260633747353,0.01685182695224981,66.6362533569336,0
J05_g1_c1_color/d6_task,J05_g1_c1_color,J05,color,d6_task,4171, blue,red,blue,2266,4171,-114.5053482055664,-114.20713806152344,0.04068127404713226,0.054815775877052296,26.28872299194336,0
J05_g1_c1_color/d6_yoked,J05_g1_c1_color,J05,color,d6_yoked,2266, red,red,blue,2266,4171,-104.71226501464844,-105.35650634765625,0.04509942254913508,0.023679936054956913,69.50834655761719,1
J05_g1_c1_color/d6_ridge,J05_g1_c1_color,J05,color,d6_ridge,257, a,red,blue,2266,4171,-112.68132019042969,-112.95579528808594,0.046551724639907435,0.03537795742442926,33.52703094482422,0
J05_g1_c1_color/reflection,J05_g1_c1_color,J05,color,reflection,257, a,red,blue,2266,4171,-112.66677856445312,-113.10027313232422,0.041841331401972104,0.027123216882526415,36.111228942871094,0
J05_g1_c1_color/reflection_capped,J05_g1_c1_color,J05,color,reflection_capped,257, a,red,blue,2266,4171,-112.66677856445312,-113.10027313232422,0.041841331401972104,0.027123216882526415,36.111228942871094,0
J05_g1_c1_color/donor,J05_g1_c1_color,J05,color,donor,2266, red,red,blue,2266,4171,-114.72689819335938,-114.7939453125,0.047266662617850716,0.04420147327891401,6.548069000244141,0
J06_g0_c0_recipient/none,J06_g0_c0_recipient,J06,recipient,none,262, the,William,Elizabeth,3977,10674,-100.92528533935547,-101.39781951904297,0.008437591155319868,0.005260166498975418,0.0,0
J06_g0_c0_color/none,J06_g0_c0_color,J06,color,none,2266, red,red,blue,2266,4171,-112.04053497314453,-113.19354248046875,0.0985953403681661,0.031125159997025115,0.0,0
J06_g0_c1_recipient/none,J06_g0_c1_recipient,J06,recipient,none,262, the,William,Elizabeth,3977,10674,-103.4003677368164,-103.96760559082031,0.00673526809961356,0.003819500908995129,0.0,0
J06_g0_c1_color/none,J06_g0_c1_color,J06,color,none,4171, blue,red,blue,2266,4171,-111.74203491210938,-111.55773162841797,0.06094608311339136,0.07328037763161405,0.0,0
J06_g1_c0_recipient/none,J06_g1_c0_recipient,J06,recipient,none,262, the,William,Elizabeth,3977,10674,-101.53958129882812,-101.46878814697266,0.010799845980327632,0.01159211383150426,0.0,0
J06_g1_c0_color/none,J06_g1_c0_color,J06,color,none,2266, red,red,blue,2266,4171,-110.93266296386719,-111.97372436523438,0.09467574312507017,0.033428085223873256,0.0,0
J06_g1_c1_recipient/none,J06_g1_c1_recipient,J06,recipient,none,262, the,William,Elizabeth,3977,10674,-105.4910659790039,-105.59562683105469,0.011688640938321082,0.010528192491580645,0.0,0
J06_g1_c1_color/none,J06_g1_c1_color,J06,color,none,4171, blue,red,blue,2266,4171,-111.91264343261719,-111.67247772216797,0.05520377173969844,0.07018937806835322,0.0,0
J06_g0_c0_recipient/d6_internal,J06_g0_c0_recipient,J06,recipient,d6_internal,262, the,William,Elizabeth,3977,10674,-96.58406829833984,-97.8232650756836,0.010257879504756729,0.0029708537371357967,20.077857971191406,0
J06_g0_c0_recipient/d6_task,J06_g0_c0_recipient,J06,recipient,d6_task,262, the,William,Elizabeth,3977,10674,-90.7944564819336,-87.26742553710938,0.0005493484829052068,0.018690374624241474,35.66972351074219,0
J06_g0_c0_recipient/d6_yoked,J06_g0_c0_recipient,J06,recipient,d6_yoked,465, his,William,Elizabeth,3977,10674,-92.8676986694336,-90.58499145507812,0.0010458697483260856,0.010252853413575826,38.00019454956055,0
J06_g0_c0_recipient/d6_ridge,J06_g0_c0_recipient,J06,recipient,d6_ridge,262, the,William,Elizabeth,3977,10674,-98.87267303466797,-98.95423889160156,0.008621297317533146,0.007946008421965058,10.352527618408203,0
J06_g0_c0_recipient/reflection,J06_g0_c0_recipient,J06,recipient,reflection,262, the,William,Elizabeth,3977,10674,-98.98674774169922,-99.07240295410156,0.00902570202305208,0.008284788108868834,11.852614402770996,0
J06_g0_c0_recipient/reflection_capped,J06_g0_c0_recipient,J06,recipient,reflection_capped,262, the,William,Elizabeth,3977,10674,-98.98674774169922,-99.07240295410156,0.00902570202305208,0.008284788108868834,11.852614402770996,0
J06_g0_c0_recipient/donor,J06_g0_c0_recipient,J06,recipient,donor,262, the,William,Elizabeth,3977,10674,-101.04100036621094,-102.15995788574219,0.012263924544026979,0.004005644411719576,10.199317932128906,0
J06_g0_c0_color/d6_internal,J06_g0_c0_color,J06,color,d6_internal,2266, red,red,blue,2266,4171,-102.69522857666016,-103.4078598022461,0.053932509609282336,0.02644592857247656,60.26250076293945,0
J06_g0_c0_color/d6_task,J06_g0_c0_color,J06,color,d6_task,2266, red,red,blue,2266,4171,-113.99669647216797,-114.95065307617188,0.09954757298017823,0.038347105393262214,26.38466453552246,0
J06_g0_c0_color/d6_yoked,J06_g0_c0_color,J06,color,d6_yoked,2266, red,red,blue,2266,4171,-105.46344757080078,-106.97037506103516,0.11035747341265423,0.02445408713173189,69.50833892822266,1
J06_g0_c0_color/d6_ridge,J06_g0_c0_color,J06,color,d6_ridge,2266, red,red,blue,2266,4171,-110.13472747802734,-111.42902374267578,0.10550289599719777,0.028917360904670297,31.37410545349121,0
J06_g0_c0_color/reflection,J06_g0_c0_color,J06,color,reflection,2266, red,red,blue,2266,4171,-110.65850067138672,-112.00342559814453,0.09274148535603526,0.024164653551955923,33.89032745361328,0
J06_g0_c0_color/reflection_capped,J06_g0_c0_color,J06,color,reflection_capped,2266, red,red,blue,2266,4171,-110.65850067138672,-112.00342559814453,0.09274148535603526,0.024164653551955923,33.89032745361328,0
J06_g0_c0_color/donor,J06_g0_c0_color,J06,color,donor,2266, red,red,blue,2266,4171,-112.26932525634766,-113.37313079833984,0.09802601926281462,0.032506088300705,6.041579246520996,0
J06_g0_c1_recipient/d6_internal,J06_g0_c1_recipient,J06,recipient,d6_internal,262, the,William,Elizabeth,3977,10674,-100.45519256591797,-101.74964904785156,0.008794532845469945,0.0024101133483903246,17.147323608398438,0
J06_g0_c1_recipient/d6_task,J06_g0_c1_recipient,J06,recipient,d6_task,262, the,William,Elizabeth,3977,10674,-97.21148681640625,-94.37206268310547,0.0006772382347615944,0.011584777630060022,29.886754989624023,0
J06_g0_c1_recipient/d6_yoked,J06_g0_c1_recipient,J06,recipient,d6_yoked,262, the,William,Elizabeth,3977,10674,-98.84154510498047,-97.55752563476562,0.0016426600138320549,0.005931851307225421,30.352069854736328,0
J06_g0_c1_recipient/d6_ridge,J06_g0_c1_recipient,J06,recipient,d6_ridge,262, the,William,Elizabeth,3977,10674,-102.4442138671875,-102.51042938232422,0.007179138695011082,0.006719165073597675,8.90640640258789,0
J06_g0_c1_recipient/reflection,J06_g0_c1_recipient,J06,recipient,reflection,262, the,William,Elizabeth,3977,10674,-101.4730453491211,-101.5827407836914,0.007828540265661163,0.007015209864596623,10.23119831085205,0
J06_g0_c1_recipient/reflection_capped,J06_g0_c1_recipient,J06,recipient,reflection_capped,262, the,William,Elizabeth,3977,10674,-101.4730453491211,-101.5827407836914,0.007828540265661163,0.007015209864596623,10.23119831085205,0
J06_g0_c1_recipient/donor,J06_g0_c1_recipient,J06,recipient,donor,262, the,William,Elizabeth,3977,10674,-104.29119110107422,-105.5582504272461,0.013648510015728846,0.003844221197951174,9.735335350036621,0
J06_g0_c1_color/d6_internal,J06_g0_c1_color,J06,color,d6_internal,257, a,red,blue,2266,4171,-103.94174194335938,-103.99775695800781,0.039485962935292516,0.037334962698088954,61.15040588378906,0
J06_g0_c1_color/d6_task,J06_g0_c1_color,J06,color,d6_task,4171, blue,red,blue,2266,4171,-114.15079498291016,-113.68951416015625,0.05740730278492936,0.09105396422406677,23.74799156188965,0
J06_g0_c1_color/d6_yoked,J06_g0_c1_color,J06,color,d6_yoked,4171, blue,red,blue,2266,4171,-105.28450012207031,-105.2292709350586,0.05839388239418381,0.06170964982769981,69.50833892822266,1
J06_g0_c1_color/d6_ridge,J06_g0_c1_color,J06,color,d6_ridge,4171, blue,red,blue,2266,4171,-111.1358413696289,-111.1279067993164,0.060805282338275875,0.06128966527028804,31.050485610961914,0
J06_g0_c1_color/reflection,J06_g0_c1_color,J06,color,reflection,257, a,red,blue,2266,4171,-111.16533660888672,-111.27133178710938,0.05767475064981189,0.051874342431999766,33.689369201660156,0
J06_g0_c1_color/reflection_capped,J06_g0_c1_color,J06,color,reflection_capped,257, a,red,blue,2266,4171,-111.16533660888672,-111.27133178710938,0.05767475064981189,0.051874342431999766,33.689369201660156,0
J06_g0_c1_color/donor,J06_g0_c1_color,J06,color,donor,4171, blue,red,blue,2266,4171,-112.4991683959961,-112.36072540283203,0.05676294160696261,0.06519134204959204,6.522290229797363,0
J06_g1_c0_recipient/d6_internal,J06_g1_c0_recipient,J06,recipient,d6_internal,262, the,William,Elizabeth,3977,10674,-98.00694274902344,-99.57190704345703,0.035602398384762375,0.007444300540695699,24.383094787597656,0
J06_g1_c0_recipient/d6_task,J06_g1_c0_recipient,J06,recipient,d6_task,607, her,William,Elizabeth,3977,10674,-99.38448333740234,-97.1749267578125,0.001445658779413503,0.013172373239919155,26.76653289794922,0
J06_g1_c0_recipient/d6_yoked,J06_g1_c0_recipient,J06,recipient,d6_yoked,607, her,William,Elizabeth,3977,10674,-96.71604919433594,-93.41596984863281,0.0006650976687824126,0.01803398380302672,40.56145095825195,0
J06_g1_c0_recipient/d6_ridge,J06_g1_c0_recipient,J06,recipient,d6_ridge,262, the,William,Elizabeth,3977,10674,-101.46576690673828,-99.7833251953125,0.004355926775968402,0.02342910625417879,18.46603012084961,0
J06_g1_c0_recipient/reflection,J06_g1_c0_recipient,J06,recipient,reflection,262, the,William,Elizabeth,3977,10674,-100.47715759277344,-98.83169555664062,0.004669040587988491,0.02420152493846242,20.6390438079834,0
J06_g1_c0_recipient/reflection_capped,J06_g1_c0_recipient,J06,recipient,reflection_capped,262, the,William,Elizabeth,3977,10674,-100.47715759277344,-98.83169555664062,0.004669040587988491,0.02420152493846242,20.6390438079834,0
J06_g1_c0_recipient/donor,J06_g1_c0_recipient,J06,recipient,donor,262, the,William,Elizabeth,3977,10674,-100.94689178466797,-100.45173645019531,0.006761187808279814,0.01109343975320224,10.199317932128906,0
J06_g1_c0_color/d6_internal,J06_g1_c0_color,J06,color,d6_internal,2266, red,red,blue,2266,4171,-102.3009262084961,-102.92339324951172,0.04934102911812818,0.026477330857408252,60.07279968261719,0
J06_g1_c0_color/d6_task,J06_g1_c0_color,J06,color,d6_task,2266, red,red,blue,2266,4171,-113.79788208007812,-114.70989227294922,0.10067074208843618,0.04044103629580513,26.824012756347656,0
J06_g1_c0_color/d6_yoked,J06_g1_c0_color,J06,color,d6_yoked,2266, red,red,blue,2266,4171,-103.68402862548828,-105.23101806640625,0.12914957744699745,0.02749438513229963,69.50834655761719,1
J06_g1_c0_color/d6_ridge,J06_g1_c0_color,J06,color,d6_ridge,2266, red,red,blue,2266,4171,-111.1687240600586,-112.39747619628906,0.09699289282080585,0.02838570205707988,31.594554901123047,0
J06_g1_c0_color/reflection,J06_g1_c0_color,J06,color,reflection,2266, red,red,blue,2266,4171,-111.1127700805664,-112.41756439208984,0.09162345582094356,0.024850875797731594,34.04594039916992,0
J06_g1_c0_color/reflection_capped,J06_g1_c0_color,J06,color,reflection_capped,2266, red,red,blue,2266,4171,-111.1127700805664,-112.41756439208984,0.09162345582094356,0.024850875797731594,34.04594039916992,0
J06_g1_c0_color/donor,J06_g1_c0_color,J06,color,donor,2266, red,red,blue,2266,4171,-110.7633056640625,-111.84644317626953,0.09635464736856879,0.032619103566848454,6.041579246520996,0
J06_g1_c1_recipient/d6_internal,J06_g1_c1_recipient,J06,recipient,d6_internal,262, the,William,Elizabeth,3977,10674,-101.80033874511719,-103.09464263916016,0.029923573050765595,0.008201710024312794,19.879579544067383,0
J06_g1_c1_recipient/d6_task,J06_g1_c1_recipient,J06,recipient,d6_task,607, her,William,Elizabeth,3977,10674,-101.65426635742188,-99.08976745605469,0.0009620258042959445,0.012500703169467317,30.47840690612793,0
J06_g1_c1_recipient/d6_yoked,J06_g1_c1_recipient,J06,recipient,d6_yoked,607, her,William,Elizabeth,3977,10674,-98.85480499267578,-95.83503723144531,0.000701233111915668,0.014365835543468807,38.520442962646484,0
J06_g1_c1_recipient/d6_ridge,J06_g1_c1_recipient,J06,recipient,d6_ridge,262, the,William,Elizabeth,3977,10674,-104.3419418334961,-102.89561462402344,0.004740374948409327,0.020134674838235615,17.717918395996094,0
J06_g1_c1_recipient/reflection,J06_g1_c1_recipient,J06,recipient,reflection,262, the,William,Elizabeth,3977,10674,-104.24247741699219,-102.69500732421875,0.004597045831083217,0.021604118748833376,19.572900772094727,0
J06_g1_c1_recipient/reflection_capped,J06_g1_c1_recipient,J06,recipient,reflection_capped,262, the,William,Elizabeth,3977,10674,-104.24247741699219,-102.69500732421875,0.004597045831083217,0.021604118748833376,19.572900772094727,0
J06_g1_c1_recipient/donor,J06_g1_c1_recipient,J06,recipient,donor,262, the,William,Elizabeth,3977,10674,-104.55693817138672,-104.04857635498047,0.005298921959027195,0.008809804176753536,9.735335350036621,0
J06_g1_c1_color/d6_internal,J06_g1_c1_color,J06,color,d6_internal,257, a,red,blue,2266,4171,-103.01581573486328,-102.98645782470703,0.039875997205574186,0.04106402685507702,60.39457321166992,0
J06_g1_c1_color/d6_task,J06_g1_c1_color,J06,color,d6_task,4171, blue,red,blue,2266,4171,-114.56646728515625,-113.96186065673828,0.05216827152323517,0.09549568978058325,25.372154235839844,0
J06_g1_c1_color/d6_yoked,J06_g1_c1_color,J06,color,d6_yoked,4171, blue,red,blue,2266,4171,-104.75276947021484,-104.38446807861328,0.05267261454798714,0.07612654824669406,69.50833892822266,1
J06_g1_c1_color/d6_ridge,J06_g1_c1_color,J06,color,d6_ridge,4171, blue,red,blue,2266,4171,-111.92192840576172,-111.82616424560547,0.056827968129580644,0.06253915004425815,31.64112663269043,0
J06_g1_c1_color/reflection,J06_g1_c1_color,J06,color,reflection,257, a,red,blue,2266,4171,-111.60665893554688,-111.64990997314453,0.05388187052169234,0.051601102048067934,34.075992584228516,0
J06_g1_c1_color/reflection_capped,J06_g1_c1_color,J06,color,reflection_capped,257, a,red,blue,2266,4171,-111.60665893554688,-111.64990997314453,0.05388187052169234,0.051601102048067934,34.075992584228516,0
J06_g1_c1_color/donor,J06_g1_c1_color,J06,color,donor,4171, blue,red,blue,2266,4171,-111.64424133300781,-111.27857208251953,0.05853112982189829,0.0843713591039303,6.522290229797363,0
J07_g0_c0_recipient/none,J07_g0_c0_recipient,J07,recipient,none,262, the,Joseph,Susan,7212,14919,-98.51913452148438,-100.30561065673828,0.03667689619221019,0.0061451975465088475,0.0,0
J07_g0_c0_color/none,J07_g0_c0_color,J07,color,none,2266, red,red,blue,2266,4171,-116.47142791748047,-117.59416198730469,0.07996835940787335,0.02602081980241796,0.0,0
J07_g0_c1_recipient/none,J07_g0_c1_recipient,J07,recipient,none,262, the,Joseph,Susan,7212,14919,-103.55138397216797,-105.6854248046875,0.043925064734995335,0.005198885498032348,0.0,0
J07_g0_c1_color/none,J07_g0_c1_color,J07,color,none,4171, blue,red,blue,2266,4171,-114.08586883544922,-113.90478515625,0.05032481874242032,0.06031507358199012,0.0,0
J07_g1_c0_recipient/none,J07_g1_c0_recipient,J07,recipient,none,262, the,Joseph,Susan,7212,14919,-105.91700744628906,-108.5919418334961,0.028303999510791322,0.001950466808549287,0.0,0
J07_g1_c0_color/none,J07_g1_c0_color,J07,color,none,2266, red,red,blue,2266,4171,-110.7903823852539,-111.8631820678711,0.07684071338349446,0.026283331086405317,0.0,0
J07_g1_c1_recipient/none,J07_g1_c1_recipient,J07,recipient,none,262, the,Joseph,Susan,7212,14919,-108.33113098144531,-111.18401336669922,0.03383329277963072,0.00195143095381242,0.0,0
J07_g1_c1_color/none,J07_g1_c1_color,J07,color,none,257, a,red,blue,2266,4171,-115.31932067871094,-115.22118377685547,0.04100081757461326,0.0452285673947976,0.0,0
J07_g0_c0_recipient/d6_internal,J07_g0_c0_recipient,J07,recipient,d6_internal,262, the,Joseph,Susan,7212,14919,-95.90422058105469,-100.48313903808594,0.07756313742089933,0.0007962626574130826,22.69407081604004,0
J07_g0_c0_recipient/d6_task,J07_g0_c0_recipient,J07,recipient,d6_task,262, the,Joseph,Susan,7212,14919,-96.73875427246094,-96.31591033935547,0.012452645503238099,0.019006423931165757,15.75527572631836,0
J07_g0_c0_recipient/d6_yoked,J07_g0_c0_recipient,J07,recipient,d6_yoked,262, the,Joseph,Susan,7212,14919,-94.42636108398438,-92.89637756347656,0.006685982737821716,0.030876541680184635,26.304685592651367,0
J07_g0_c0_recipient/d6_ridge,J07_g0_c0_recipient,J07,recipient,d6_ridge,262, the,Joseph,Susan,7212,14919,-98.07421112060547,-100.07450866699219,0.04882038672639365,0.00660515523284528,8.857049942016602,0
J07_g0_c0_recipient/reflection,J07_g0_c0_recipient,J07,recipient,reflection,262, the,Joseph,Susan,7212,14919,-97.80277252197266,-99.829833984375,0.05109014813520638,0.006729697673484231,10.17997932434082,0
J07_g0_c0_recipient/reflection_capped,J07_g0_c0_recipient,J07,recipient,reflection_capped,262, the,Joseph,Susan,7212,14919,-97.80277252197266,-99.829833984375,0.05109014813520638,0.006729697673484231,10.17997932434082,0
J07_g0_c0_recipient/donor,J07_g0_c0_recipient,J07,recipient,donor,262, the,Joseph,Susan,7212,14919,-104.64453887939453,-108.0100326538086,0.032926047090591826,0.0011374287983258792,13.788138389587402,0
J07_g0_c0_color/d6_internal,J07_g0_c0_color,J07,color,d6_internal,257, a,red,blue,2266,4171,-104.84764862060547,-105.69649505615234,0.040368733133170784,0.01727411464057053,60.33949279785156,0
J07_g0_c0_color/d6_task,J07_g0_c0_color,J07,color,d6_task,2266, red,red,blue,2266,4171,-117.44082641601562,-118.27672576904297,0.08016210899332152,0.03474902776938675,24.478694915771484,0
J07_g0_c0_color/d6_yoked,J07_g0_c0_color,J07,color,d6_yoked,2266, red,red,blue,2266,4171,-105.4732666015625,-107.50172424316406,0.08193248073423733,0.010777254633162571,69.50833892822266,1
J07_g0_c0_color/d6_ridge,J07_g0_c0_color,J07,color,d6_ridge,2266, red,red,blue,2266,4171,-115.27456665039062,-116.68929290771484,0.0806515792329831,0.019597698352958288,31.09734535217285,0
J07_g0_c0_color/reflection,J07_g0_c0_color,J07,color,reflection,2266, red,red,blue,2266,4171,-115.44425201416016,-116.94496154785156,0.07330412599547978,0.016344760099683005,33.61076354980469,0
J07_g0_c0_color/reflection_capped,J07_g0_c0_color,J07,color,reflection_capped,2266, red,red,blue,2266,4171,-115.44425201416016,-116.94496154785156,0.07330412599547978,0.016344760099683005,33.61076354980469,0
J07_g0_c0_color/donor,J07_g0_c0_color,J07,color,donor,2266, red,red,blue,2266,4171,-112.46994018554688,-113.49996185302734,0.07540173054445673,0.026918359383985277,8.086106300354004,0
J07_g0_c1_recipient/d6_internal,J07_g0_c1_recipient,J07,recipient,d6_internal,262, the,Joseph,Susan,7212,14919,-100.18201446533203,-104.8304672241211,0.07333242532476246,0.0007022611868482165,21.477588653564453,0
J07_g0_c1_recipient/d6_task,J07_g0_c1_recipient,J07,recipient,d6_task,262, the,Joseph,Susan,7212,14919,-101.3305892944336,-100.97042846679688,0.013223019683764228,0.01895599146421826,16.135404586791992,0
J07_g0_c1_recipient/d6_yoked,J07_g0_c1_recipient,J07,recipient,d6_yoked,262, the,Joseph,Susan,7212,14919,-98.41267395019531,-96.83056640625,0.0064853844697756935,0.0315526836618268,26.064056396484375,0
J07_g0_c1_recipient/d6_ridge,J07_g0_c1_recipient,J07,recipient,d6_ridge,262, the,Joseph,Susan,7212,14919,-101.58253479003906,-103.35833740234375,0.04462087894856696,0.007556433163137689,9.087862968444824,0
J07_g0_c1_recipient/reflection,J07_g0_c1_recipient,J07,recipient,reflection,262, the,Joseph,Susan,7212,14919,-101.40924835205078,-103.2281494140625,0.04540828381006324,0.007365400956015105,10.38427734375,0
J07_g0_c1_recipient/reflection_capped,J07_g0_c1_recipient,J07,recipient,reflection_capped,262, the,Joseph,Susan,7212,14919,-101.40924835205078,-103.2281494140625,0.04540828381006324,0.007365400956015105,10.38427734375,0
J07_g0_c1_recipient/donor,J07_g0_c1_recipient,J07,recipient,donor,262, the,Joseph,Susan,7212,14919,-107.54988861083984,-111.11466979980469,0.039831790946129514,0.0011273662634046836,11.8956937789917,0
J07_g0_c1_color/d6_internal,J07_g0_c1_color,J07,color,d6_internal,366," """,red,blue,2266,4171,-101.8028793334961,-102.10289001464844,0.03029819367285059,0.022445214184558804,63.46754837036133,0
J07_g0_c1_color/d6_task,J07_g0_c1_color,J07,color,d6_task,4171, blue,red,blue,2266,4171,-115.52706146240234,-114.97564697265625,0.04542540759043974,0.07884517164200917,24.43897247314453,0
J07_g0_c1_color/d6_yoked,J07_g0_c1_color,J07,color,d6_yoked,2266, red,red,blue,2266,4171,-102.61146545410156,-103.19397735595703,0.044454021625653574,0.024827291983271035,69.50833892822266,1
J07_g0_c1_color/d6_ridge,J07_g0_c1_color,J07,color,d6_ridge,257, a,red,blue,2266,4171,-113.50147247314453,-113.64888763427734,0.050678902203099264,0.04373263119592527,32.130863189697266,0
J07_g0_c1_color/reflection,J07_g0_c1_color,J07,color,reflection,257, a,red,blue,2266,4171,-112.90718078613281,-113.19198608398438,0.046438109921505766,0.03492892067850541,34.7508430480957,0
J07_g0_c1_color/reflection_capped,J07_g0_c1_color,J07,color,reflection_capped,257, a,red,blue,2266,4171,-112.90718078613281,-113.19198608398438,0.046438109921505766,0.03492892067850541,34.7508430480957,0
J07_g0_c1_color/donor,J07_g0_c1_color,J07,color,donor,257, a,red,blue,2266,4171,-116.55741882324219,-116.48084259033203,0.04191159706143833,0.045247110015751574,6.522185802459717,0
J07_g1_c0_recipient/d6_internal,J07_g1_c0_recipient,J07,recipient,d6_internal,262, the,Joseph,Susan,7212,14919,-102.08206176757812,-106.81669616699219,0.07230271290278992,0.0006352270734082373,24.275423049926758,0
J07_g1_c0_recipient/d6_task,J07_g1_c0_recipient,J07,recipient,d6_task,262, the,Joseph,Susan,7212,14919,-103.28760528564453,-102.90619659423828,0.0035429787774244005,0.0051881466191844965,25.79523277282715,0
J07_g1_c0_recipient/d6_yoked,J07_g1_c0_recipient,J07,recipient,d6_yoked,607, her,Joseph,Susan,7212,14919,-98.3887710571289,-96.34994506835938,0.0012668602596273184,0.009731495572196113,40.871620178222656,0
J07_g1_c0_recipient/d6_ridge,J07_g1_c0_recipient,J07,recipient,d6_ridge,262, the,Joseph,Susan,7212,14919,-103.6355972290039,-104.37564086914062,0.013765304095410238,0.006567331529799365,19.31024742126465,0
J07_g1_c0_recipient/reflection,J07_g1_c0_recipient,J07,recipient,reflection,262, the,Joseph,Susan,7212,14919,-104.24940490722656,-104.96861267089844,0.01509771598510109,0.0073546716462226614,21.098148345947266,0
J07_g1_c0_recipient/reflection_capped,J07_g1_c0_recipient,J07,recipient,reflection_capped,262, the,Joseph,Susan,7212,14919,-104.24940490722656,-104.96861267089844,0.01509771598510109,0.0073546716462226614,21.098148345947266,0
J07_g1_c0_recipient/donor,J07_g1_c0_recipient,J07,recipient,donor,262, the,Joseph,Susan,7212,14919,-99.56204223632812,-101.62193298339844,0.038631773901548094,0.0049243109138377445,13.788138389587402,0
J07_g1_c0_color/d6_internal,J07_g1_c0_color,J07,color,d6_internal,257, a,red,blue,2266,4171,-99.91763305664062,-100.75569152832031,0.03568874942403265,0.01543715128418275,60.46003723144531,0
J07_g1_c0_color/d6_task,J07_g1_c0_color,J07,color,d6_task,2266, red,red,blue,2266,4171,-112.5486831665039,-113.3394546508789,0.07056993246917882,0.03200309713878835,24.048765182495117,0
J07_g1_c0_color/d6_yoked,J07_g1_c0_color,J07,color,d6_yoked,2266, red,red,blue,2266,4171,-101.710205078125,-103.59107208251953,0.09438487010633098,0.014389715954492406,69.50833892822266,1
J07_g1_c0_color/d6_ridge,J07_g1_c0_color,J07,color,d6_ridge,2266, red,red,blue,2266,4171,-110.69245910644531,-112.0232925415039,0.07533546717952753,0.01990791916452796,30.745113372802734,0
J07_g1_c0_color/reflection,J07_g1_c0_color,J07,color,reflection,257, a,red,blue,2266,4171,-110.78449249267578,-112.18233489990234,0.06678218613831505,0.016503854557605616,33.14335632324219,0
J07_g1_c0_color/reflection_capped,J07_g1_c0_color,J07,color,reflection_capped,257, a,red,blue,2266,4171,-110.78449249267578,-112.18233489990234,0.06678218613831505,0.016503854557605616,33.14335632324219,0
J07_g1_c0_color/donor,J07_g1_c0_color,J07,color,donor,2266, red,red,blue,2266,4171,-114.72490692138672,-115.91748046875,0.07808723161437263,0.023694738243851002,8.086106300354004,0
J07_g1_c1_recipient/d6_internal,J07_g1_c1_recipient,J07,recipient,d6_internal,262, the,Joseph,Susan,7212,14919,-105.47733306884766,-110.7202377319336,0.09333880767437776,0.0004932847444853006,25.490310668945312,0
J07_g1_c1_recipient/d6_task,J07_g1_c1_recipient,J07,recipient,d6_task,262, the,Joseph,Susan,7212,14919,-108.76726531982422,-109.75650787353516,0.009807531009421663,0.0036470112888174248,18.52001953125,0
J07_g1_c1_recipient/d6_yoked,J07_g1_c1_recipient,J07,recipient,d6_yoked,607, her,Joseph,Susan,7212,14919,-104.72938537597656,-103.17942810058594,0.002051068643036607,0.009663135891587888,35.013858795166016,0
J07_g1_c1_recipient/d6_ridge,J07_g1_c1_recipient,J07,recipient,d6_ridge,262, the,Joseph,Susan,7212,14919,-106.8621826171875,-107.70612335205078,0.013068557169562133,0.005619644435186664,18.748689651489258,0
J07_g1_c1_recipient/reflection,J07_g1_c1_recipient,J07,recipient,reflection,262, the,Joseph,Susan,7212,14919,-107.41919708251953,-108.27912902832031,0.01625308378077832,0.006878156848288097,20.342254638671875,0
J07_g1_c1_recipient/reflection_capped,J07_g1_c1_recipient,J07,recipient,reflection_capped,262, the,Joseph,Susan,7212,14919,-107.41919708251953,-108.27912902832031,0.01625308378077832,0.006878156848288097,20.342254638671875,0
J07_g1_c1_recipient/donor,J07_g1_c1_recipient,J07,recipient,donor,262, the,Joseph,Susan,7212,14919,-103.38421630859375,-105.50507354736328,0.04086079305036373,0.004900384931097311,11.8956937789917,0
J07_g1_c1_color/d6_internal,J07_g1_c1_color,J07,color,d6_internal,257, a,red,blue,2266,4171,-103.86546325683594,-104.17826080322266,0.026888722985902107,0.0196663574546467,61.48170852661133,0
J07_g1_c1_color/d6_task,J07_g1_c1_color,J07,color,d6_task,4171, blue,red,blue,2266,4171,-117.29061889648438,-116.83346557617188,0.03819903118925378,0.060338083652223984,25.2489070892334,0
J07_g1_c1_color/d6_yoked,J07_g1_c1_color,J07,color,d6_yoked,257, a,red,blue,2266,4171,-105.4115982055664,-105.6115951538086,0.038204616455626686,0.03127938985874741,69.50834655761719,1
J07_g1_c1_color/d6_ridge,J07_g1_c1_color,J07,color,d6_ridge,257, a,red,blue,2266,4171,-114.93169403076172,-115.08981323242188,0.040035433197672124,0.03418017133083571,31.836999893188477,0
J07_g1_c1_color/reflection,J07_g1_c1_color,J07,color,reflection,257, a,red,blue,2266,4171,-114.76483917236328,-115.06405639648438,0.038464957945898895,0.028517856059210315,34.278621673583984,0
J07_g1_c1_color/reflection_capped,J07_g1_c1_color,J07,color,reflection_capped,257, a,red,blue,2266,4171,-114.76483917236328,-115.06405639648438,0.038464957945898895,0.028517856059210315,34.278621673583984,0
J07_g1_c1_color/donor,J07_g1_c1_color,J07,color,donor,257, a,red,blue,2266,4171,-113.33699798583984,-113.16625213623047,0.04703978243305692,0.05579808378580644,6.522185802459717,0
